Time (days),ComCat Data,Simulation Mean,Simulation Median,Simulation Mode,Simulation Minimum,Simulation Maximum,2.5 %-ile,16 %-ile,84 %-ile,97.5 %-ile
0.0,0.0,0.0,0.0,0.0,0.0,0.0,0.0,0.0,0.0,0.0
0.20587009,123.0,73.9,73.0,74.0,62.0,95.0,62.0,63.0,84.0,95.0
0.41174018,197.0,135.1,130.0,138.0,118.0,164.0,118.0,120.0,157.0,164.0
0.6176103,240.0,190.2,184.0,191.0,166.0,217.0,166.0,171.0,213.0,217.0
0.82348037,281.0,242.9,229.0,232.0,207.0,289.0,207.0,209.0,278.0,289.0
1.0293504,313.0,298.9,276.0,286.0,253.0,359.0,253.0,264.0,354.0,359.0
1.2352206,347.0,348.9,334.0,315.0,287.0,413.0,287.0,315.0,405.0,413.0
1.4410906,387.0,404.9,383.0,416.0,341.0,477.0,341.0,357.0,464.0,477.0
1.6469607,416.0,449.6,422.0,469.0,373.0,538.0,373.0,393.0,515.0,538.0
1.8528308,448.0,483.2,452.0,513.0,396.0,581.0,396.0,414.0,557.0,581.0
2.0587008,466.0,518.6,487.0,556.0,420.0,622.0,420.0,447.0,581.0,622.0
2.264571,492.0,550.8,518.0,589.0,452.0,655.0,452.0,472.0,613.0,655.0
2.470441,513.0,582.4,564.0,617.0,467.0,687.0,467.0,495.0,656.0,687.0
2.6763113,535.0,609.2,594.0,637.0,481.0,712.0,481.0,515.0,706.0,712.0
2.8821812,552.0,633.0,614.0,663.0,500.0,753.0,500.0,533.0,727.0,753.0
3.0880513,560.0,651.8,634.0,672.0,518.0,774.0,518.0,550.0,740.0,774.0
3.2939215,582.0,672.9,651.0,690.0,534.0,797.0,534.0,567.0,764.0,797.0
3.4997916,593.0,694.5,677.0,714.0,545.0,821.0,545.0,590.0,786.0,821.0
3.7056615,605.0,711.4,697.0,728.0,560.0,837.0,560.0,602.0,800.0,837.0
3.9115317,626.0,730.8,718.0,750.0,577.0,872.0,577.0,608.0,824.0,872.0
4.1174016,633.0,746.9,733.0,765.0,591.0,894.0,591.0,628.0,842.0,894.0
4.3232718,652.0,760.6,743.0,784.0,608.0,911.0,608.0,630.0,852.0,911.0
4.529142,672.0,774.7,759.0,803.0,625.0,931.0,625.0,638.0,863.0,931.0
4.735012,688.0,791.6,777.0,821.0,637.0,951.0,637.0,653.0,877.0,951.0
4.940882,713.0,805.1,787.0,836.0,647.0,966.0,647.0,666.0,889.0,966.0
5.1467524,731.0,818.4,798.0,850.0,660.0,984.0,660.0,679.0,906.0,984.0
5.3526225,747.0,829.4,809.0,865.0,672.0,999.0,672.0,684.0,921.0,999.0
5.5584927,763.0,843.5,815.0,880.0,678.0,1019.0,678.0,696.0,955.0,1019.0
5.7643623,773.0,859.7,830.0,895.0,689.0,1035.0,689.0,706.0,971.0,1035.0
5.9702325,784.0,870.8,839.0,900.0,701.0,1047.0,701.0,719.0,990.0,1047.0
6.1761026,793.0,882.7,852.0,907.0,713.0,1056.0,713.0,727.0,1004.0,1056.0
6.381973,799.0,895.3,867.0,915.0,723.0,1065.0,723.0,753.0,1019.0,1065.0
6.587843,807.0,906.1,875.0,922.0,738.0,1077.0,738.0,761.0,1031.0,1077.0
6.793713,812.0,918.2,886.0,935.0,745.0,1085.0,745.0,778.0,1050.0,1085.0
6.9995832,819.0,929.1,898.0,939.0,756.0,1091.0,756.0,789.0,1058.0,1091.0
7.2054534,824.0,937.6,907.0,944.0,763.0,1098.0,763.0,798.0,1067.0,1098.0
7.411323,832.0,947.6,917.0,959.0,775.0,1107.0,775.0,805.0,1078.0,1107.0
7.617193,836.0,959.0,926.0,969.0,795.0,1118.0,795.0,815.0,1090.0,1118.0
7.8230634,843.0,967.3,932.0,978.0,803.0,1127.0,803.0,825.0,1101.0,1127.0
8.028934,847.0,975.4,937.0,992.0,811.0,1132.0,811.0,837.0,1113.0,1132.0
8.234803,855.0,987.2,947.0,999.0,819.0,1141.0,819.0,869.0,1121.0,1141.0
8.440674,861.0,994.6,951.0,1005.0,826.0,1145.0,826.0,882.0,1132.0,1145.0
8.6465435,863.0,1003.4,956.0,1010.0,835.0,1156.0,835.0,896.0,1140.0,1156.0
8.852414,870.0,1011.1,960.0,1018.0,837.0,1162.0,837.0,910.0,1149.0,1162.0
9.058284,875.0,1016.9,966.0,1021.0,844.0,1167.0,844.0,921.0,1159.0,1167.0
9.264154,881.0,1024.4,975.0,975.0,846.0,1182.0,846.0,924.0,1166.0,1182.0
9.470024,889.0,1030.6,983.0,1030.0,850.0,1189.0,850.0,929.0,1171.0,1189.0
9.675894,895.0,1039.2,988.0,1040.0,869.0,1196.0,869.0,937.0,1177.0,1196.0
9.881764,901.0,1046.3,990.0,1045.0,879.0,1209.0,879.0,941.0,1185.0,1209.0
10.087634,909.0,1052.8,996.0,1054.0,884.0,1213.0,884.0,947.0,1193.0,1213.0
10.293505,916.0,1059.9,1003.0,1060.0,890.0,1219.0,890.0,955.0,1196.0,1219.0
10.499374,922.0,1068.1,1011.0,1066.0,893.0,1226.0,893.0,961.0,1205.0,1226.0
10.705245,928.0,1074.2,1017.0,1068.0,900.0,1233.0,900.0,962.0,1216.0,1233.0
10.911115,936.0,1079.6,1022.0,1073.0,903.0,1246.0,903.0,962.0,1223.0,1246.0
11.116985,947.0,1085.6,1027.0,1079.0,907.0,1251.0,907.0,965.0,1230.0,1251.0
11.322855,948.0,1089.8,1030.0,1083.0,910.0,1253.0,910.0,971.0,1233.0,1253.0
11.528725,955.0,1096.4,1034.0,1087.0,916.0,1257.0,916.0,972.0,1243.0,1257.0
11.734595,960.0,1101.4,1041.0,1092.0,919.0,1261.0,919.0,977.0,1248.0,1261.0
11.940465,966.0,1107.9,1050.0,1097.0,921.0,1269.0,921.0,985.0,1265.0,1269.0
12.146336,980.0,1114.5,1056.0,1102.0,926.0,1274.0,926.0,991.0,1273.0,1274.0
12.352205,985.0,1119.7,1060.0,1108.0,931.0,1276.0,931.0,998.0,1275.0,1276.0
12.558076,987.0,1126.1,1066.0,1109.0,944.0,1286.0,944.0,1001.0,1283.0,1286.0
12.763946,989.0,1131.2,1070.0,1110.0,946.0,1288.0,946.0,1009.0,1287.0,1288.0
12.969815,993.0,1137.2,1073.0,1073.0,948.0,1299.0,948.0,1016.0,1298.0,1299.0
13.175686,996.0,1141.8,1077.0,1118.0,951.0,1308.0,951.0,1023.0,1302.0,1308.0
13.381556,1003.0,1149.4,1087.0,1122.0,972.0,1314.0,972.0,1028.0,1306.0,1314.0
13.587426,1009.0,1156.2,1095.0,1127.0,981.0,1324.0,981.0,1030.0,1307.0,1324.0
13.793296,1010.0,1161.0,1098.0,1132.0,985.0,1336.0,985.0,1037.0,1310.0,1336.0
13.9991665,1014.0,1165.6,1104.0,1133.0,986.0,1343.0,986.0,1051.0,1318.0,1343.0
14.205036,1015.0,1170.5,1109.0,1137.0,990.0,1347.0,990.0,1060.0,1321.0,1347.0
14.410907,1016.0,1175.6,1112.0,1141.0,999.0,1352.0,999.0,1066.0,1330.0,1352.0
14.616776,1019.0,1181.2,1118.0,1149.0,1005.0,1357.0,1005.0,1068.0,1335.0,1357.0
14.822646,1025.0,1186.4,1126.0,1153.0,1008.0,1368.0,1008.0,1071.0,1337.0,1368.0
15.028517,1031.0,1191.2,1127.0,1161.0,1015.0,1374.0,1015.0,1077.0,1342.0,1374.0
15.234386,1034.0,1196.8,1133.0,1169.0,1023.0,1383.0,1023.0,1081.0,1348.0,1383.0
15.440257,1037.0,1200.5,1138.0,1173.0,1025.0,1387.0,1025.0,1084.0,1352.0,1387.0
15.646127,1040.0,1205.5,1141.0,1176.0,1028.0,1395.0,1028.0,1090.0,1355.0,1395.0
15.851997,1040.0,1209.1,1144.0,1178.0,1032.0,1397.0,1032.0,1091.0,1356.0,1397.0
16.057867,1042.0,1214.0,1146.0,1188.0,1037.0,1402.0,1037.0,1094.0,1363.0,1402.0
16.263737,1042.0,1217.9,1148.0,1191.0,1041.0,1406.0,1041.0,1096.0,1369.0,1406.0
16.469606,1045.0,1220.7,1148.0,1194.0,1047.0,1407.0,1047.0,1098.0,1373.0,1407.0
16.675478,1047.0,1225.4,1158.0,1204.0,1052.0,1408.0,1052.0,1099.0,1375.0,1408.0
16.881348,1048.0,1232.6,1185.0,1213.0,1054.0,1409.0,1054.0,1104.0,1381.0,1409.0
17.087217,1049.0,1237.1,1190.0,1107.0,1057.0,1412.0,1057.0,1107.0,1386.0,1412.0
17.293087,1050.0,1240.7,1190.0,1229.0,1059.0,1414.0,1059.0,1108.0,1393.0,1414.0
17.498959,1055.0,1244.2,1199.0,1230.0,1062.0,1415.0,1062.0,1111.0,1403.0,1415.0
17.704828,1056.0,1248.3,1204.0,1233.0,1070.0,1420.0,1070.0,1112.0,1408.0,1420.0
17.910698,1058.0,1250.5,1210.0,1235.0,1072.0,1420.0,1072.0,1115.0,1410.0,1420.0
18.116568,1058.0,1254.2,1213.0,1236.0,1081.0,1423.0,1081.0,1118.0,1415.0,1423.0
18.322437,1062.0,1258.9,1220.0,1241.0,1086.0,1425.0,1086.0,1122.0,1424.0,1425.0
18.528309,1066.0,1262.6,1223.0,1245.0,1090.0,1432.0,1090.0,1129.0,1427.0,1432.0
18.734179,1068.0,1266.3,1231.0,1251.0,1095.0,1438.0,1095.0,1131.0,1427.0,1438.0
18.940048,1071.0,1269.6,1234.0,1136.0,1098.0,1443.0,1098.0,1136.0,1430.0,1443.0
19.145918,1072.0,1276.6,1237.0,1263.0,1102.0,1451.0,1102.0,1136.0,1447.0,1451.0
19.351788,1074.0,1282.3,1240.0,1267.0,1107.0,1480.0,1107.0,1139.0,1451.0,1480.0
19.55766,1074.0,1287.3,1245.0,1271.0,1110.0,1494.0,1110.0,1142.0,1460.0,1494.0
19.763529,1076.0,1292.0,1255.0,1271.0,1110.0,1504.0,1110.0,1145.0,1463.0,1504.0
19.969398,1089.0,1295.6,1255.0,1272.0,1116.0,1514.0,1116.0,1150.0,1463.0,1514.0
20.175268,1090.0,1298.1,1258.0,1272.0,1117.0,1518.0,1117.0,1151.0,1468.0,1518.0
20.38114,1094.0,1301.4,1262.0,1276.0,1120.0,1527.0,1120.0,1152.0,1472.0,1527.0
20.58701,1096.0,1305.5,1264.0,1280.0,1122.0,1535.0,1122.0,1157.0,1475.0,1535.0
20.79288,1097.0,1309.8,1268.0,1285.0,1134.0,1542.0,1134.0,1159.0,1478.0,1542.0
20.998749,1098.0,1313.5,1272.0,1289.0,1138.0,1548.0,1138.0,1162.0,1482.0,1548.0
21.204618,1099.0,1316.2,1273.0,1290.0,1142.0,1552.0,1142.0,1163.0,1486.0,1552.0
21.41049,1101.0,1319.5,1278.0,1290.0,1144.0,1563.0,1144.0,1166.0,1491.0,1563.0
21.61636,1102.0,1322.9,1283.0,1171.0,1147.0,1566.0,1147.0,1171.0,1500.0,1566.0
21.82223,1104.0,1326.4,1285.0,1298.0,1151.0,1570.0,1151.0,1172.0,1505.0,1570.0
22.0281,1106.0,1330.2,1286.0,1308.0,1152.0,1580.0,1152.0,1174.0,1505.0,1580.0
22.23397,1107.0,1332.6,1289.0,1312.0,1153.0,1584.0,1153.0,1178.0,1506.0,1584.0
22.43984,1107.0,1335.1,1293.0,1318.0,1154.0,1586.0,1154.0,1183.0,1508.0,1586.0
22.64571,1109.0,1337.6,1296.0,1319.0,1157.0,1587.0,1157.0,1186.0,1509.0,1587.0
22.85158,1111.0,1341.5,1298.0,1323.0,1160.0,1590.0,1160.0,1191.0,1515.0,1590.0
23.05745,1113.0,1344.3,1299.0,1327.0,1161.0,1594.0,1161.0,1196.0,1518.0,1594.0
23.26332,1118.0,1346.6,1301.0,1331.0,1165.0,1596.0,1165.0,1198.0,1522.0,1596.0
23.46919,1119.0,1348.6,1305.0,1334.0,1168.0,1597.0,1168.0,1199.0,1524.0,1597.0
23.67506,1122.0,1351.8,1305.0,1336.0,1169.0,1600.0,1169.0,1200.0,1528.0,1600.0
23.88093,1127.0,1355.4,1308.0,1347.0,1172.0,1604.0,1172.0,1201.0,1531.0,1604.0
24.086802,1129.0,1360.4,1317.0,1363.0,1172.0,1610.0,1172.0,1206.0,1535.0,1610.0
24.292671,1131.0,1363.2,1319.0,1365.0,1174.0,1617.0,1174.0,1206.0,1538.0,1617.0
24.49854,1133.0,1367.4,1322.0,1369.0,1177.0,1621.0,1177.0,1208.0,1545.0,1621.0
24.70441,1134.0,1370.5,1327.0,1374.0,1179.0,1624.0,1179.0,1208.0,1549.0,1624.0
24.91028,1134.0,1373.3,1330.0,1375.0,1181.0,1629.0,1181.0,1211.0,1553.0,1629.0
25.116152,1134.0,1375.0,1332.0,1378.0,1183.0,1631.0,1183.0,1211.0,1557.0,1631.0
25.322021,1134.0,1378.4,1335.0,1383.0,1185.0,1635.0,1185.0,1213.0,1560.0,1635.0
25.527891,1136.0,1381.4,1338.0,1386.0,1190.0,1637.0,1190.0,1214.0,1561.0,1637.0
25.73376,1137.0,1384.0,1341.0,1389.0,1193.0,1640.0,1193.0,1215.0,1563.0,1640.0
25.93963,1140.0,1389.3,1341.0,1393.0,1211.0,1647.0,1211.0,1218.0,1565.0,1647.0
26.145502,1140.0,1393.2,1344.0,1394.0,1215.0,1649.0,1215.0,1220.0,1568.0,1649.0
26.351372,1143.0,1396.2,1344.0,1396.0,1218.0,1652.0,1218.0,1221.0,1573.0,1652.0
26.557241,1144.0,1399.2,1346.0,1398.0,1222.0,1655.0,1222.0,1226.0,1574.0,1655.0
26.763111,1147.0,1401.6,1349.0,1400.0,1224.0,1661.0,1224.0,1228.0,1574.0,1661.0
26.968983,1149.0,1404.2,1351.0,1403.0,1227.0,1666.0,1227.0,1228.0,1576.0,1666.0
27.174852,1149.0,1406.3,1354.0,1404.0,1229.0,1670.0,1229.0,1230.0,1578.0,1670.0
27.380722,1150.0,1409.2,1356.0,1406.0,1231.0,1673.0,1231.0,1234.0,1582.0,1673.0
27.586592,1153.0,1411.1,1356.0,1407.0,1232.0,1675.0,1232.0,1235.0,1589.0,1675.0
27.792461,1154.0,1414.2,1356.0,1412.0,1233.0,1682.0,1233.0,1238.0,1595.0,1682.0
27.998333,1156.0,1416.0,1359.0,1412.0,1236.0,1684.0,1236.0,1239.0,1596.0,1684.0
28.204203,1156.0,1418.7,1365.0,1413.0,1238.0,1687.0,1238.0,1242.0,1597.0,1687.0
28.410072,1157.0,1421.1,1366.0,1418.0,1239.0,1688.0,1239.0,1242.0,1603.0,1688.0
28.615942,1157.0,1423.5,1368.0,1422.0,1239.0,1690.0,1239.0,1245.0,1607.0,1690.0
28.821814,1159.0,1426.1,1371.0,1425.0,1241.0,1691.0,1241.0,1246.0,1615.0,1691.0
29.027683,1159.0,1428.1,1373.0,1426.0,1241.0,1693.0,1241.0,1248.0,1619.0,1693.0
29.233553,1162.0,1431.7,1375.0,1427.0,1245.0,1696.0,1245.0,1248.0,1631.0,1696.0
29.439423,1164.0,1433.6,1375.0,1428.0,1247.0,1697.0,1247.0,1249.0,1638.0,1697.0
29.645292,1164.0,1436.2,1377.0,1431.0,1247.0,1698.0,1247.0,1250.0,1647.0,1698.0
29.851164,1167.0,1438.8,1384.0,1434.0,1247.0,1702.0,1247.0,1253.0,1651.0,1702.0
30.057034,1168.0,1441.1,1387.0,1437.0,1248.0,1706.0,1248.0,1256.0,1654.0,1706.0
30.262903,1169.0,1443.0,1389.0,1440.0,1249.0,1708.0,1249.0,1259.0,1657.0,1708.0
30.468773,1169.0,1444.5,1390.0,1440.0,1252.0,1708.0,1252.0,1260.0,1661.0,1708.0
30.674643,1170.0,1446.6,1392.0,1443.0,1253.0,1709.0,1253.0,1262.0,1667.0,1709.0
30.880514,1171.0,1448.8,1394.0,1445.0,1256.0,1712.0,1256.0,1263.0,1672.0,1712.0
31.086384,1171.0,1450.7,1398.0,1447.0,1259.0,1713.0,1259.0,1264.0,1674.0,1713.0
31.292253,1171.0,1452.2,1398.0,1448.0,1262.0,1715.0,1262.0,1268.0,1676.0,1715.0
31.498123,1172.0,1454.0,1400.0,1451.0,1262.0,1718.0,1262.0,1273.0,1676.0,1718.0
31.703995,1174.0,1456.0,1402.0,1454.0,1263.0,1719.0,1263.0,1274.0,1679.0,1719.0
31.909864,1175.0,1458.7,1403.0,1464.0,1263.0,1721.0,1263.0,1276.0,1682.0,1721.0
32.115734,1177.0,1461.5,1404.0,1471.0,1266.0,1723.0,1266.0,1278.0,1685.0,1723.0
32.321606,1177.0,1463.7,1404.0,1472.0,1268.0,1727.0,1268.0,1282.0,1688.0,1727.0
32.527473,1177.0,1465.7,1405.0,1474.0,1269.0,1727.0,1269.0,1284.0,1690.0,1727.0
32.733345,1179.0,1467.6,1408.0,1477.0,1272.0,1730.0,1272.0,1284.0,1691.0,1730.0
32.939213,1181.0,1470.3,1408.0,1479.0,1274.0,1732.0,1274.0,1285.0,1696.0,1732.0
33.145084,1182.0,1473.1,1412.0,1483.0,1275.0,1735.0,1275.0,1286.0,1703.0,1735.0
33.350956,1182.0,1476.4,1414.0,1497.0,1277.0,1737.0,1277.0,1288.0,1706.0,1737.0
33.556824,1182.0,1479.2,1416.0,1503.0,1282.0,1738.0,1282.0,1289.0,1709.0,1738.0
33.762695,1182.0,1481.1,1420.0,1505.0,1286.0,1739.0,1286.0,1289.0,1711.0,1739.0
33.968563,1185.0,1483.8,1422.0,1510.0,1287.0,1740.0,1287.0,1292.0,1712.0,1740.0
34.174435,1185.0,1485.4,1422.0,1510.0,1288.0,1744.0,1288.0,1296.0,1712.0,1744.0
34.380306,1185.0,1487.5,1424.0,1510.0,1289.0,1751.0,1289.0,1298.0,1714.0,1751.0
34.586174,1186.0,1490.3,1427.0,1513.0,1292.0,1754.0,1292.0,1298.0,1720.0,1754.0
34.792046,1188.0,1491.9,1428.0,1513.0,1294.0,1757.0,1294.0,1299.0,1721.0,1757.0
34.997917,1188.0,1494.7,1432.0,1517.0,1295.0,1761.0,1295.0,1301.0,1726.0,1761.0
35.203785,1188.0,1496.8,1434.0,1527.0,1295.0,1764.0,1295.0,1302.0,1727.0,1764.0
35.409657,1188.0,1498.5,1435.0,1531.0,1296.0,1765.0,1296.0,1303.0,1728.0,1765.0
35.615524,1188.0,1500.7,1435.0,1538.0,1298.0,1767.0,1298.0,1305.0,1732.0,1767.0
35.821396,1189.0,1502.3,1436.0,1539.0,1299.0,1768.0,1299.0,1305.0,1733.0,1768.0
36.027267,1190.0,1504.8,1439.0,1540.0,1302.0,1769.0,1302.0,1307.0,1737.0,1769.0
36.233135,1190.0,1506.8,1442.0,1544.0,1304.0,1770.0,1304.0,1308.0,1737.0,1770.0
36.439007,1190.0,1508.6,1445.0,1547.0,1305.0,1771.0,1305.0,1310.0,1739.0,1771.0
36.644875,1192.0,1510.9,1447.0,1549.0,1306.0,1776.0,1306.0,1311.0,1742.0,1776.0
36.850746,1192.0,1512.9,1447.0,1550.0,1307.0,1778.0,1307.0,1313.0,1745.0,1778.0
37.056618,1192.0,1514.6,1449.0,1550.0,1309.0,1779.0,1309.0,1315.0,1745.0,1779.0
37.262486,1192.0,1517.4,1450.0,1551.0,1311.0,1781.0,1311.0,1322.0,1748.0,1781.0
37.468357,1192.0,1519.3,1452.0,1555.0,1312.0,1783.0,1312.0,1323.0,1748.0,1783.0
37.674225,1193.0,1522.3,1454.0,1558.0,1314.0,1787.0,1314.0,1324.0,1752.0,1787.0
37.880096,1196.0,1523.3,1455.0,1558.0,1314.0,1788.0,1314.0,1324.0,1754.0,1788.0
38.085968,1196.0,1525.4,1459.0,1560.0,1315.0,1789.0,1315.0,1326.0,1756.0,1789.0
38.291836,1196.0,1527.1,1461.0,1561.0,1315.0,1789.0,1315.0,1327.0,1757.0,1789.0
38.497707,1196.0,1528.8,1462.0,1565.0,1316.0,1790.0,1316.0,1328.0,1759.0,1790.0
38.703575,1196.0,1530.1,1462.0,1567.0,1319.0,1791.0,1319.0,1328.0,1761.0,1791.0
38.909447,1199.0,1531.6,1462.0,1567.0,1319.0,1793.0,1319.0,1328.0,1764.0,1793.0
39.11532,1200.0,1532.9,1463.0,1568.0,1320.0,1795.0,1320.0,1328.0,1766.0,1795.0
39.321186,1203.0,1535.0,1466.0,1570.0,1321.0,1799.0,1321.0,1329.0,1767.0,1799.0
39.527058,1203.0,1536.8,1469.0,1570.0,1321.0,1802.0,1321.0,1331.0,1767.0,1802.0
39.73293,1203.0,1538.6,1471.0,1571.0,1322.0,1804.0,1322.0,1332.0,1771.0,1804.0
39.938797,1208.0,1540.0,1471.0,1573.0,1323.0,1805.0,1323.0,1334.0,1774.0,1805.0
40.14467,1209.0,1540.9,1471.0,1573.0,1326.0,1806.0,1326.0,1337.0,1774.0,1806.0
40.350536,1209.0,1542.5,1472.0,1576.0,1328.0,1808.0,1328.0,1337.0,1775.0,1808.0
40.556408,1214.0,1544.5,1474.0,1577.0,1331.0,1810.0,1331.0,1337.0,1777.0,1810.0
40.76228,1218.0,1549.0,1475.0,1578.0,1331.0,1812.0,1331.0,1340.0,1779.0,1812.0
40.968147,1219.0,1552.4,1475.0,1583.0,1335.0,1822.0,1335.0,1341.0,1779.0,1822.0
41.17402,1220.0,1554.1,1476.0,1583.0,1336.0,1824.0,1336.0,1341.0,1781.0,1824.0
41.379887,1221.0,1556.6,1478.0,1585.0,1337.0,1829.0,1337.0,1342.0,1782.0,1829.0
41.58576,1223.0,1558.9,1480.0,1586.0,1337.0,1829.0,1337.0,1342.0,1786.0,1829.0
41.79163,1224.0,1561.1,1481.0,1589.0,1337.0,1830.0,1337.0,1343.0,1791.0,1830.0
41.997498,1225.0,1562.4,1482.0,1590.0,1338.0,1833.0,1338.0,1345.0,1792.0,1833.0
42.20337,1225.0,1564.0,1482.0,1593.0,1338.0,1836.0,1338.0,1348.0,1793.0,1836.0
42.409237,1226.0,1573.6,1569.0,1595.0,1338.0,1837.0,1338.0,1349.0,1794.0,1837.0
42.61511,1228.0,1579.7,1597.0,1611.0,1340.0,1839.0,1340.0,1351.0,1796.0,1839.0
42.82098,1228.0,1582.8,1598.0,1630.0,1340.0,1840.0,1340.0,1354.0,1799.0,1840.0
43.026848,1228.0,1585.8,1601.0,1643.0,1340.0,1844.0,1340.0,1354.0,1801.0,1844.0
43.23272,1232.0,1587.2,1604.0,1647.0,1341.0,1845.0,1341.0,1355.0,1802.0,1845.0
43.438587,1232.0,1589.4,1605.0,1655.0,1341.0,1846.0,1341.0,1356.0,1806.0,1846.0
43.64446,1235.0,1591.3,1605.0,1661.0,1341.0,1849.0,1341.0,1357.0,1807.0,1849.0
43.85033,1237.0,1594.5,1611.0,1671.0,1345.0,1850.0,1345.0,1357.0,1812.0,1850.0
44.0562,1238.0,1595.9,1615.0,1673.0,1346.0,1852.0,1346.0,1357.0,1812.0,1852.0
44.26207,1238.0,1598.2,1618.0,1675.0,1349.0,1852.0,1349.0,1360.0,1816.0,1852.0
44.46794,1239.0,1600.1,1619.0,1709.0,1351.0,1853.0,1351.0,1360.0,1820.0,1853.0
44.67381,1240.0,1602.1,1620.0,1710.0,1352.0,1853.0,1352.0,1362.0,1821.0,1853.0
44.87968,1240.0,1604.2,1620.0,1711.0,1355.0,1857.0,1355.0,1362.0,1824.0,1857.0
45.08555,1240.0,1605.9,1622.0,1694.0,1355.0,1857.0,1355.0,1366.0,1826.0,1857.0
45.29142,1240.0,1608.0,1624.0,1697.0,1359.0,1857.0,1359.0,1367.0,1828.0,1857.0
45.49729,1242.0,1609.2,1626.0,1700.0,1361.0,1857.0,1361.0,1367.0,1829.0,1857.0
45.70316,1242.0,1611.9,1627.0,1712.0,1364.0,1858.0,1364.0,1367.0,1833.0,1858.0
45.90903,1245.0,1612.8,1628.0,1715.0,1364.0,1858.0,1364.0,1367.0,1833.0,1858.0
46.1149,1245.0,1614.6,1631.0,1717.0,1365.0,1860.0,1365.0,1368.0,1834.0,1860.0
46.32077,1246.0,1616.9,1632.0,1717.0,1368.0,1862.0,1368.0,1373.0,1836.0,1862.0
46.52664,1249.0,1619.5,1635.0,1718.0,1369.0,1863.0,1369.0,1382.0,1839.0,1863.0
46.73251,1249.0,1620.0,1635.0,1726.0,1369.0,1863.0,1369.0,1382.0,1839.0,1863.0
46.93838,1249.0,1621.6,1638.0,1718.0,1370.0,1866.0,1370.0,1385.0,1842.0,1866.0
47.14425,1251.0,1623.5,1639.0,1721.0,1370.0,1866.0,1370.0,1388.0,1845.0,1866.0
47.35012,1251.0,1624.9,1642.0,1721.0,1370.0,1869.0,1370.0,1389.0,1847.0,1869.0
47.555992,1253.0,1626.3,1643.0,1722.0,1371.0,1869.0,1371.0,1389.0,1848.0,1869.0
47.76186,1261.0,1627.8,1643.0,1725.0,1371.0,1870.0,1371.0,1390.0,1850.0,1870.0
47.96773,1261.0,1629.0,1643.0,1726.0,1375.0,1871.0,1375.0,1390.0,1851.0,1871.0
48.173603,1264.0,1630.8,1643.0,1729.0,1376.0,1874.0,1376.0,1392.0,1852.0,1874.0
48.37947,1266.0,1632.5,1644.0,1729.0,1377.0,1878.0,1377.0,1392.0,1855.0,1878.0
48.585342,1266.0,1634.7,1645.0,1733.0,1382.0,1878.0,1382.0,1394.0,1856.0,1878.0
48.79121,1268.0,1636.0,1645.0,1734.0,1383.0,1880.0,1383.0,1395.0,1856.0,1880.0
48.99708,1270.0,1637.5,1646.0,1734.0,1384.0,1881.0,1384.0,1396.0,1858.0,1881.0
49.202953,1270.0,1638.9,1648.0,1737.0,1386.0,1881.0,1386.0,1397.0,1859.0,1881.0
49.40882,1271.0,1640.2,1649.0,1737.0,1387.0,1886.0,1387.0,1398.0,1862.0,1886.0
49.614693,1272.0,1641.4,1651.0,1737.0,1387.0,1888.0,1387.0,1400.0,1864.0,1888.0
49.82056,1273.0,1642.1,1652.0,1738.0,1388.0,1889.0,1388.0,1400.0,1866.0,1889.0
50.026432,1274.0,1643.9,1655.0,1740.0,1390.0,1892.0,1390.0,1402.0,1867.0,1892.0
50.232304,1275.0,1645.2,1657.0,1742.0,1391.0,1895.0,1391.0,1402.0,1867.0,1895.0
50.43817,1276.0,1646.8,1658.0,1743.0,1392.0,1898.0,1392.0,1403.0,1869.0,1898.0
50.644043,1276.0,1648.3,1659.0,1743.0,1393.0,1900.0,1393.0,1404.0,1870.0,1900.0
50.84991,1276.0,1649.2,1659.0,1746.0,1393.0,1900.0,1393.0,1404.0,1871.0,1900.0
51.055782,1277.0,1650.4,1659.0,1748.0,1393.0,1900.0,1393.0,1404.0,1874.0,1900.0
51.261654,1277.0,1651.6,1660.0,1749.0,1394.0,1901.0,1394.0,1405.0,1874.0,1901.0
51.46752,1279.0,1653.3,1662.0,1750.0,1394.0,1903.0,1394.0,1406.0,1876.0,1903.0
51.673393,1280.0,1654.8,1665.0,1751.0,1395.0,1903.0,1395.0,1408.0,1876.0,1903.0
51.87926,1282.0,1655.7,1667.0,1751.0,1396.0,1904.0,1396.0,1409.0,1876.0,1904.0
52.085133,1282.0,1657.5,1668.0,1752.0,1396.0,1908.0,1396.0,1410.0,1880.0,1908.0
52.291004,1282.0,1658.6,1669.0,1753.0,1398.0,1908.0,1398.0,1410.0,1882.0,1908.0
52.496872,1283.0,1659.8,1669.0,1754.0,1398.0,1909.0,1398.0,1411.0,1885.0,1909.0
52.702744,1283.0,1660.6,1670.0,1755.0,1399.0,1909.0,1399.0,1414.0,1885.0,1909.0
52.908615,1283.0,1661.5,1670.0,1757.0,1399.0,1911.0,1399.0,1415.0,1885.0,1911.0
53.114483,1284.0,1663.5,1672.0,1761.0,1399.0,1914.0,1399.0,1415.0,1886.0,1914.0
53.320354,1284.0,1665.6,1674.0,1762.0,1399.0,1915.0,1399.0,1416.0,1888.0,1915.0
53.526222,1284.0,1667.2,1676.0,1764.0,1399.0,1917.0,1399.0,1418.0,1888.0,1917.0
53.732094,1284.0,1668.5,1677.0,1765.0,1400.0,1918.0,1400.0,1420.0,1889.0,1918.0
53.937965,1284.0,1669.0,1677.0,1765.0,1400.0,1921.0,1400.0,1420.0,1889.0,1921.0
54.143833,1285.0,1670.1,1679.0,1766.0,1400.0,1921.0,1400.0,1423.0,1891.0,1921.0
54.349705,1285.0,1670.8,1680.0,1766.0,1401.0,1921.0,1401.0,1424.0,1891.0,1921.0
54.555573,1285.0,1671.5,1680.0,1766.0,1402.0,1922.0,1402.0,1424.0,1893.0,1922.0
54.761444,1285.0,1671.9,1680.0,1767.0,1402.0,1922.0,1402.0,1426.0,1894.0,1922.0
54.967316,1285.0,1673.0,1684.0,1768.0,1403.0,1922.0,1403.0,1430.0,1894.0,1922.0
55.173183,1285.0,1674.6,1686.0,1772.0,1403.0,1923.0,1403.0,1432.0,1897.0,1923.0
55.379055,1287.0,1676.2,1687.0,1773.0,1403.0,1924.0,1403.0,1435.0,1898.0,1924.0
55.584923,1287.0,1677.8,1687.0,1779.0,1403.0,1925.0,1403.0,1436.0,1899.0,1925.0
55.790794,1288.0,1678.4,1689.0,1780.0,1403.0,1925.0,1403.0,1436.0,1899.0,1925.0
55.996666,1289.0,1679.7,1690.0,1780.0,1405.0,1926.0,1405.0,1437.0,1902.0,1926.0
56.202534,1290.0,1680.7,1691.0,1784.0,1405.0,1927.0,1405.0,1437.0,1902.0,1927.0
56.408405,1290.0,1682.4,1691.0,1785.0,1405.0,1931.0,1405.0,1438.0,1902.0,1931.0
56.614273,1290.0,1684.8,1697.0,1786.0,1406.0,1932.0,1406.0,1440.0,1905.0,1932.0
56.820145,1290.0,1687.8,1697.0,1788.0,1406.0,1934.0,1406.0,1440.0,1907.0,1934.0
57.026016,1290.0,1689.3,1697.0,1790.0,1407.0,1936.0,1407.0,1441.0,1910.0,1936.0
57.231884,1290.0,1691.7,1700.0,1793.0,1407.0,1938.0,1407.0,1443.0,1914.0,1938.0
57.437756,1290.0,1694.0,1701.0,1794.0,1409.0,1940.0,1409.0,1444.0,1919.0,1940.0
57.643627,1290.0,1695.9,1701.0,1797.0,1409.0,1943.0,1409.0,1445.0,1921.0,1943.0
57.849495,1291.0,1697.2,1701.0,1797.0,1409.0,1946.0,1409.0,1445.0,1922.0,1946.0
58.055367,1291.0,1698.7,1702.0,1797.0,1410.0,1948.0,1410.0,1446.0,1923.0,1948.0
58.261234,1292.0,1699.7,1707.0,1798.0,1410.0,1950.0,1410.0,1447.0,1923.0,1950.0
58.467106,1292.0,1701.3,1709.0,1799.0,1413.0,1953.0,1413.0,1447.0,1923.0,1953.0
58.672977,1292.0,1702.2,1711.0,1800.0,1413.0,1953.0,1413.0,1449.0,1923.0,1953.0
58.878845,1292.0,1703.0,1712.0,1800.0,1413.0,1954.0,1413.0,1450.0,1923.0,1954.0
59.084717,1297.0,1703.8,1713.0,1802.0,1413.0,1955.0,1413.0,1450.0,1925.0,1955.0
59.290585,1298.0,1705.8,1716.0,1810.0,1416.0,1956.0,1416.0,1450.0,1926.0,1956.0
59.496456,1299.0,1707.7,1716.0,1816.0,1416.0,1961.0,1416.0,1450.0,1929.0,1961.0
59.702328,1299.0,1709.6,1718.0,1819.0,1416.0,1963.0,1416.0,1453.0,1934.0,1963.0
59.908195,1299.0,1711.2,1721.0,1819.0,1418.0,1963.0,1418.0,1454.0,1937.0,1963.0
60.114067,1299.0,1712.5,1725.0,1821.0,1418.0,1963.0,1418.0,1456.0,1938.0,1963.0
60.319935,1299.0,1714.0,1725.0,1825.0,1419.0,1963.0,1419.0,1456.0,1942.0,1963.0
60.525806,1300.0,1714.8,1725.0,1826.0,1419.0,1966.0,1419.0,1456.0,1943.0,1966.0
60.731678,1300.0,1716.1,1725.0,1826.0,1421.0,1966.0,1421.0,1456.0,1944.0,1966.0
60.937546,1300.0,1716.7,1725.0,1827.0,1421.0,1966.0,1421.0,1457.0,1945.0,1966.0
61.143417,1300.0,1717.3,1725.0,1827.0,1421.0,1967.0,1421.0,1457.0,1947.0,1967.0
61.349285,1300.0,1718.5,1725.0,1828.0,1422.0,1968.0,1422.0,1458.0,1947.0,1968.0
61.555157,1300.0,1719.5,1727.0,1829.0,1424.0,1968.0,1424.0,1458.0,1948.0,1968.0
61.76103,1300.0,1721.2,1727.0,1829.0,1429.0,1969.0,1429.0,1459.0,1949.0,1969.0
61.966896,1300.0,1723.4,1728.0,1830.0,1432.0,1972.0,1432.0,1462.0,1952.0,1972.0
62.172768,1301.0,1724.8,1731.0,1832.0,1433.0,1973.0,1433.0,1462.0,1957.0,1973.0
62.37864,1301.0,1726.6,1733.0,1833.0,1437.0,1973.0,1437.0,1462.0,1962.0,1973.0
62.584507,1302.0,1727.3,1735.0,1833.0,1440.0,1973.0,1440.0,1462.0,1964.0,1973.0
62.79038,1302.0,1728.5,1736.0,1835.0,1441.0,1974.0,1441.0,1463.0,1965.0,1974.0
62.996246,1302.0,1729.2,1736.0,1835.0,1441.0,1974.0,1441.0,1464.0,1965.0,1974.0
63.202118,1302.0,1730.0,1738.0,1835.0,1443.0,1974.0,1443.0,1466.0,1965.0,1974.0
63.40799,1302.0,1730.9,1738.0,1835.0,1443.0,1975.0,1443.0,1467.0,1966.0,1975.0
63.613857,1302.0,1731.3,1738.0,1835.0,1444.0,1976.0,1444.0,1468.0,1966.0,1976.0
63.81973,1303.0,1732.0,1739.0,1835.0,1444.0,1978.0,1444.0,1470.0,1967.0,1978.0
64.0256,1305.0,1733.2,1741.0,1836.0,1444.0,1978.0,1444.0,1472.0,1968.0,1978.0
64.23147,1307.0,1734.9,1743.0,1838.0,1445.0,1979.0,1445.0,1473.0,1972.0,1979.0
64.43734,1307.0,1736.0,1744.0,1838.0,1446.0,1981.0,1446.0,1473.0,1973.0,1981.0
64.64321,1309.0,1736.5,1744.0,1838.0,1446.0,1982.0,1446.0,1473.0,1974.0,1982.0
64.849075,1309.0,1737.9,1748.0,1840.0,1447.0,1985.0,1447.0,1473.0,1974.0,1985.0
65.05495,1309.0,1738.3,1748.0,1840.0,1447.0,1987.0,1447.0,1474.0,1975.0,1987.0
65.26082,1310.0,1739.2,1749.0,1840.0,1449.0,1987.0,1449.0,1474.0,1977.0,1987.0
65.46669,1310.0,1740.2,1751.0,1840.0,1449.0,1988.0,1449.0,1476.0,1981.0,1988.0
65.67256,1310.0,1741.2,1752.0,1840.0,1450.0,1990.0,1450.0,1476.0,1982.0,1990.0
65.878426,1310.0,1743.3,1752.0,1842.0,1451.0,1991.0,1451.0,1477.0,1982.0,1991.0
66.0843,1310.0,1744.7,1756.0,1844.0,1451.0,1994.0,1451.0,1478.0,1982.0,1994.0
66.29017,1310.0,1745.9,1758.0,1845.0,1451.0,1994.0,1451.0,1478.0,1983.0,1994.0
66.49604,1312.0,1746.8,1760.0,1845.0,1451.0,1996.0,1451.0,1480.0,1985.0,1996.0
66.70191,1313.0,1748.0,1761.0,1845.0,1454.0,1996.0,1454.0,1481.0,1986.0,1996.0
66.907776,1313.0,1749.4,1762.0,1847.0,1454.0,1998.0,1454.0,1481.0,1989.0,1998.0
67.11365,1313.0,1750.1,1762.0,1847.0,1456.0,1998.0,1456.0,1481.0,1989.0,1998.0
67.31952,1313.0,1751.1,1762.0,1850.0,1458.0,1998.0,1458.0,1481.0,1990.0,1998.0
67.52539,1313.0,1752.3,1762.0,1850.0,1460.0,1998.0,1460.0,1481.0,1993.0,1998.0
67.73126,1313.0,1753.9,1767.0,1850.0,1461.0,2001.0,1461.0,1483.0,1993.0,2001.0
67.937126,1313.0,1754.9,1769.0,1851.0,1461.0,2002.0,1461.0,1483.0,1995.0,2002.0
68.143,1313.0,1755.2,1769.0,1851.0,1461.0,2002.0,1461.0,1483.0,1995.0,2002.0
68.34887,1313.0,1756.4,1770.0,1851.0,1462.0,2005.0,1462.0,1485.0,1995.0,2005.0
68.55474,1313.0,1758.2,1771.0,1851.0,1462.0,2009.0,1462.0,1485.0,1996.0,2009.0
68.76061,1313.0,1758.5,1771.0,1851.0,1463.0,2010.0,1463.0,1485.0,1996.0,2010.0
68.966484,1313.0,1759.2,1771.0,1851.0,1463.0,2011.0,1463.0,1485.0,1997.0,2011.0
69.17235,1313.0,1760.5,1771.0,1855.0,1464.0,2013.0,1464.0,1485.0,1997.0,2013.0
69.37822,1313.0,1761.1,1773.0,1855.0,1464.0,2015.0,1464.0,1487.0,1997.0,2015.0
69.58409,1314.0,1761.9,1774.0,1856.0,1465.0,2015.0,1465.0,1489.0,1998.0,2015.0
69.78996,1314.0,1762.8,1776.0,1858.0,1466.0,2015.0,1466.0,1491.0,1999.0,2015.0
69.995834,1314.0,1764.1,1776.0,1858.0,1467.0,2016.0,1467.0,1495.0,2002.0,2016.0
70.2017,1314.0,1765.8,1777.0,1859.0,1469.0,2018.0,1469.0,1496.0,2006.0,2018.0
70.40757,1314.0,1767.1,1778.0,1861.0,1471.0,2019.0,1471.0,1496.0,2008.0,2019.0
70.61344,1314.0,1767.9,1778.0,1861.0,1471.0,2019.0,1471.0,1497.0,2009.0,2019.0
70.81931,1314.0,1769.4,1778.0,1861.0,1473.0,2022.0,1473.0,1497.0,2009.0,2022.0
71.025185,1314.0,1770.3,1778.0,1863.0,1475.0,2022.0,1475.0,1498.0,2010.0,2022.0
71.23105,1314.0,1771.7,1779.0,1863.0,1476.0,2022.0,1476.0,1502.0,2010.0,2022.0
71.43692,1314.0,1772.8,1779.0,1864.0,1476.0,2023.0,1476.0,1505.0,2010.0,2023.0
71.64279,1314.0,1774.1,1779.0,1869.0,1477.0,2023.0,1477.0,1505.0,2012.0,2023.0
71.84866,1314.0,1775.3,1780.0,1872.0,1478.0,2024.0,1478.0,1506.0,2013.0,2024.0
72.054535,1314.0,1776.6,1783.0,1872.0,1478.0,2024.0,1478.0,1506.0,2015.0,2024.0
72.2604,1314.0,1777.9,1785.0,1873.0,1481.0,2024.0,1481.0,1506.0,2015.0,2024.0
72.46627,1314.0,1778.9,1788.0,1874.0,1484.0,2025.0,1484.0,1506.0,2015.0,2025.0
72.67214,1314.0,1779.3,1788.0,1875.0,1484.0,2025.0,1484.0,1507.0,2016.0,2025.0
72.87801,1314.0,1780.2,1790.0,1876.0,1485.0,2026.0,1485.0,1508.0,2016.0,2026.0
73.083885,1314.0,1782.4,1799.0,1879.0,1487.0,2028.0,1487.0,1508.0,2019.0,2028.0
73.28975,1314.0,1784.0,1804.0,1880.0,1488.0,2030.0,1488.0,1508.0,2020.0,2030.0
73.49562,1315.0,1785.2,1805.0,1880.0,1489.0,2032.0,1489.0,1508.0,2022.0,2032.0
73.70149,1316.0,1785.7,1805.0,1880.0,1489.0,2032.0,1489.0,1508.0,2023.0,2032.0
73.907364,1316.0,1786.3,1806.0,1881.0,1489.0,2033.0,1489.0,1508.0,2023.0,2033.0
74.113235,1317.0,1787.1,1807.0,1883.0,1490.0,2034.0,1490.0,1508.0,2023.0,2034.0
74.3191,1317.0,1787.6,1807.0,1883.0,1491.0,2034.0,1491.0,1508.0,2024.0,2034.0
74.52497,1317.0,1788.0,1807.0,1884.0,1492.0,2034.0,1492.0,1508.0,2024.0,2034.0
74.73084,1317.0,1788.5,1808.0,1885.0,1493.0,2034.0,1493.0,1508.0,2024.0,2034.0
74.936714,1317.0,1789.9,1808.0,1887.0,1493.0,2036.0,1493.0,1508.0,2029.0,2036.0
75.142586,1317.0,1790.6,1808.0,1888.0,1494.0,2036.0,1494.0,1508.0,2033.0,2036.0
75.34845,1318.0,1791.5,1810.0,1890.0,1494.0,2036.0,1494.0,1509.0,2035.0,2036.0
75.55432,1318.0,1792.8,1810.0,2036.0,1494.0,2036.0,1494.0,1513.0,2036.0,2036.0
75.76019,1318.0,1793.6,1812.0,2036.0,1495.0,2036.0,1495.0,1514.0,2036.0,2036.0
75.966064,1318.0,1795.0,1812.0,2038.0,1496.0,2038.0,1496.0,1516.0,2038.0,2038.0
76.171936,1319.0,1796.1,1815.0,2040.0,1497.0,2040.0,1497.0,1516.0,2040.0,2040.0
76.3778,1320.0,1797.4,1818.0,1897.0,1498.0,2041.0,1498.0,1518.0,2040.0,2041.0
76.58367,1320.0,1798.2,1818.0,1898.0,1498.0,2043.0,1498.0,1520.0,2040.0,2043.0
76.78954,1321.0,1799.1,1818.0,1898.0,1498.0,2046.0,1498.0,1521.0,2043.0,2046.0
76.995415,1322.0,1799.9,1818.0,1900.0,1498.0,2049.0,1498.0,1522.0,2044.0,2049.0
77.20129,1322.0,1800.4,1819.0,1902.0,1498.0,2049.0,1498.0,1522.0,2045.0,2049.0
77.40715,1322.0,1801.3,1820.0,1902.0,1498.0,2050.0,1498.0,1523.0,2045.0,2050.0
77.61302,1323.0,1801.6,1820.0,1902.0,1498.0,2050.0,1498.0,1523.0,2045.0,2050.0
77.81889,1323.0,1801.9,1820.0,1903.0,1498.0,2050.0,1498.0,1524.0,2045.0,2050.0
78.024765,1323.0,1802.5,1821.0,1903.0,1498.0,2053.0,1498.0,1524.0,2045.0,2053.0
78.23064,1323.0,1803.4,1824.0,1904.0,1499.0,2053.0,1499.0,1526.0,2045.0,2053.0
78.43651,1323.0,1804.1,1826.0,1906.0,1499.0,2054.0,1499.0,1526.0,2046.0,2054.0
78.64237,1323.0,1804.7,1826.0,1906.0,1499.0,2054.0,1499.0,1526.0,2049.0,2054.0
78.84824,1323.0,1805.5,1826.0,1907.0,1500.0,2054.0,1500.0,1527.0,2050.0,2054.0
79.054115,1323.0,1806.6,1829.0,1907.0,1501.0,2055.0,1501.0,1529.0,2052.0,2055.0
79.25999,1324.0,1807.3,1829.0,1907.0,1503.0,2056.0,1503.0,1531.0,2052.0,2056.0
79.46586,1324.0,1808.3,1829.0,1908.0,1503.0,2058.0,1503.0,1533.0,2052.0,2058.0
79.67172,1324.0,1809.0,1829.0,1908.0,1507.0,2059.0,1507.0,1533.0,2053.0,2059.0
79.877594,1324.0,1810.5,1830.0,1908.0,1509.0,2061.0,1509.0,1534.0,2054.0,2061.0
80.083466,1324.0,1811.6,1831.0,1909.0,1509.0,2061.0,1509.0,1535.0,2054.0,2061.0
80.28934,1324.0,1812.7,1832.0,1911.0,1510.0,2062.0,1510.0,1535.0,2056.0,2062.0
80.49521,1324.0,1813.3,1833.0,1911.0,1510.0,2063.0,1510.0,1536.0,2057.0,2063.0
80.70107,1326.0,1813.8,1833.0,1911.0,1510.0,2063.0,1510.0,1538.0,2059.0,2063.0
80.906944,1326.0,1814.3,1834.0,1911.0,1512.0,2063.0,1512.0,1539.0,2059.0,2063.0
81.112816,1326.0,1815.0,1835.0,1912.0,1512.0,2064.0,1512.0,1539.0,2061.0,2064.0
81.31869,1327.0,1816.0,1837.0,1912.0,1514.0,2064.0,1514.0,1539.0,2063.0,2064.0
81.52456,1327.0,1817.4,1841.0,1913.0,1515.0,2065.0,1515.0,1541.0,2064.0,2065.0
81.73042,1327.0,1818.1,1844.0,1914.0,1515.0,2066.0,1515.0,1541.0,2064.0,2066.0
81.936295,1327.0,1818.7,1844.0,1914.0,1516.0,2066.0,1516.0,1541.0,2065.0,2066.0
82.142166,1328.0,1819.2,1846.0,1914.0,1516.0,2068.0,1516.0,1541.0,2065.0,2068.0
82.34804,1329.0,1819.7,1846.0,1914.0,1517.0,2069.0,1517.0,1542.0,2066.0,2069.0
82.55391,1330.0,1820.6,1847.0,1915.0,1517.0,2069.0,1517.0,1544.0,2067.0,2069.0
82.75977,1330.0,1821.4,1849.0,1915.0,1518.0,2070.0,1518.0,1544.0,2068.0,2070.0
82.965645,1330.0,1822.4,1849.0,1915.0,1518.0,2072.0,1518.0,1544.0,2070.0,2072.0
83.17152,1330.0,1823.4,1851.0,1915.0,1518.0,2074.0,1518.0,1544.0,2073.0,2074.0
83.37739,1330.0,1823.9,1852.0,2074.0,1518.0,2074.0,1518.0,1544.0,2074.0,2074.0
83.58326,1331.0,1824.7,1853.0,1916.0,1518.0,2075.0,1518.0,1544.0,2074.0,2075.0
83.78912,1331.0,1825.5,1855.0,1916.0,1518.0,2076.0,1518.0,1545.0,2074.0,2076.0
83.994995,1332.0,1826.8,1856.0,1922.0,1518.0,2077.0,1518.0,1546.0,2074.0,2077.0
84.20087,1332.0,1827.7,1858.0,1923.0,1518.0,2077.0,1518.0,1547.0,2074.0,2077.0
84.40674,1333.0,1828.3,1859.0,1923.0,1519.0,2078.0,1519.0,1548.0,2074.0,2078.0
84.61261,1333.0,1829.2,1862.0,1923.0,1519.0,2078.0,1519.0,1548.0,2075.0,2078.0
84.818474,1333.0,1830.7,1863.0,1926.0,1519.0,2078.0,1519.0,1553.0,2077.0,2078.0
85.024345,1333.0,1831.4,1864.0,1927.0,1520.0,2079.0,1520.0,1554.0,2078.0,2079.0
85.23022,1334.0,1832.1,1865.0,1927.0,1520.0,2079.0,1520.0,1554.0,2078.0,2079.0
85.43609,1335.0,1832.9,1866.0,1929.0,1521.0,2079.0,1521.0,1554.0,2078.0,2079.0
85.64196,1336.0,1833.8,1867.0,2079.0,1523.0,2079.0,1523.0,1554.0,2079.0,2079.0
85.847824,1336.0,1834.3,1868.0,2080.0,1523.0,2080.0,1523.0,1554.0,2080.0,2080.0
86.053696,1336.0,1834.8,1868.0,1931.0,1523.0,2081.0,1523.0,1555.0,2080.0,2081.0
86.25957,1336.0,1835.4,1868.0,1931.0,1523.0,2082.0,1523.0,1555.0,2080.0,2082.0
86.46544,1336.0,1836.1,1868.0,1932.0,1523.0,2082.0,1523.0,1556.0,2080.0,2082.0
86.67131,1337.0,1836.8,1870.0,1932.0,1524.0,2083.0,1524.0,1556.0,2082.0,2083.0
86.877174,1337.0,1837.5,1870.0,2083.0,1525.0,2083.0,1525.0,1556.0,2083.0,2083.0
87.083046,1337.0,1837.9,1870.0,2083.0,1526.0,2083.0,1526.0,1556.0,2083.0,2083.0
87.28892,1338.0,1839.1,1874.0,1934.0,1526.0,2087.0,1526.0,1557.0,2084.0,2087.0
87.49479,1339.0,1839.7,1875.0,1934.0,1527.0,2087.0,1527.0,1557.0,2084.0,2087.0
87.70066,1339.0,1840.0,1875.0,1934.0,1527.0,2087.0,1527.0,1557.0,2084.0,2087.0
87.90653,1339.0,1840.8,1875.0,1935.0,1527.0,2087.0,1527.0,1557.0,2086.0,2087.0
88.1124,1339.0,1842.1,1875.0,1937.0,1529.0,2088.0,1529.0,1557.0,2086.0,2088.0
88.31827,1340.0,1842.7,1876.0,1937.0,1530.0,2089.0,1530.0,1557.0,2087.0,2089.0
88.52414,1340.0,1843.1,1877.0,1937.0,1530.0,2089.0,1530.0,1557.0,2088.0,2089.0
88.73001,1340.0,1844.4,1880.0,1939.0,1530.0,2091.0,1530.0,1557.0,2089.0,2091.0
88.93588,1340.0,1845.7,1880.0,1940.0,1534.0,2093.0,1534.0,1557.0,2090.0,2093.0
89.14175,1340.0,1845.9,1880.0,1940.0,1534.0,2093.0,1534.0,1557.0,2091.0,2093.0
89.34762,1340.0,1846.6,1881.0,1941.0,1534.0,2095.0,1534.0,1557.0,2093.0,2095.0
89.55349,1340.0,1847.4,1881.0,1944.0,1534.0,2095.0,1534.0,1558.0,2094.0,2095.0
89.75936,1340.0,1847.9,1881.0,1944.0,1534.0,2095.0,1534.0,1558.0,2094.0,2095.0
89.96523,1340.0,1848.8,1882.0,1945.0,1535.0,2096.0,1535.0,1558.0,2095.0,2096.0
90.1711,1340.0,1849.1,1882.0,1945.0,1535.0,2099.0,1535.0,1558.0,2095.0,2099.0
90.37697,1340.0,1849.3,1882.0,1945.0,1535.0,2100.0,1535.0,1558.0,2095.0,2100.0
90.58284,1340.0,1850.1,1883.0,1945.0,1536.0,2100.0,1536.0,1558.0,2095.0,2100.0
90.78871,1340.0,1852.1,1884.0,1958.0,1537.0,2102.0,1537.0,1558.0,2095.0,2102.0
90.99458,1340.0,1853.2,1884.0,1961.0,1538.0,2103.0,1538.0,1558.0,2097.0,2103.0
91.20045,1340.0,1854.1,1884.0,1963.0,1538.0,2106.0,1538.0,1558.0,2097.0,2106.0
91.40632,1341.0,1854.7,1884.0,1963.0,1538.0,2106.0,1538.0,1559.0,2098.0,2106.0
91.61219,1342.0,1856.4,1884.0,1964.0,1538.0,2106.0,1538.0,1561.0,2100.0,2106.0
91.81806,1342.0,1857.0,1884.0,1967.0,1538.0,2106.0,1538.0,1561.0,2101.0,2106.0
92.02393,1342.0,1857.4,1885.0,1967.0,1538.0,2107.0,1538.0,1562.0,2102.0,2107.0
92.2298,1342.0,1858.1,1886.0,1967.0,1538.0,2107.0,1538.0,1563.0,2102.0,2107.0
92.43567,1342.0,1858.9,1886.0,1969.0,1538.0,2107.0,1538.0,1565.0,2103.0,2107.0
92.64154,1342.0,1859.7,1886.0,1969.0,1539.0,2109.0,1539.0,1566.0,2105.0,2109.0
92.84741,1342.0,1860.1,1886.0,1970.0,1539.0,2109.0,1539.0,1566.0,2105.0,2109.0
93.05328,1342.0,1860.2,1886.0,1970.0,1539.0,2109.0,1539.0,1566.0,2105.0,2109.0
93.25915,1342.0,1860.7,1886.0,1971.0,1540.0,2109.0,1540.0,1566.0,2105.0,2109.0
93.46502,1342.0,1861.3,1886.0,2109.0,1540.0,2109.0,1540.0,1566.0,2109.0,2109.0
93.67089,1342.0,1861.9,1887.0,1972.0,1540.0,2110.0,1540.0,1567.0,2109.0,2110.0
93.87676,1343.0,1862.7,1887.0,1972.0,1540.0,2111.0,1540.0,1569.0,2109.0,2111.0
94.082634,1343.0,1863.2,1887.0,1973.0,1540.0,2111.0,1540.0,1570.0,2109.0,2111.0
94.2885,1343.0,1864.2,1889.0,1974.0,1540.0,2111.0,1540.0,1572.0,2110.0,2111.0
94.49437,1343.0,1865.2,1890.0,1978.0,1540.0,2112.0,1540.0,1573.0,2111.0,2112.0
94.70024,1343.0,1865.8,1890.0,1979.0,1540.0,2112.0,1540.0,1573.0,2111.0,2112.0
94.90611,1345.0,1867.0,1890.0,1984.0,1540.0,2112.0,1540.0,1573.0,2111.0,2112.0
95.111984,1345.0,1867.6,1891.0,2112.0,1540.0,2112.0,1540.0,1574.0,2112.0,2112.0
95.31785,1345.0,1868.0,1893.0,2113.0,1540.0,2113.0,1540.0,1574.0,2113.0,2113.0
95.52372,1345.0,1868.8,1895.0,1985.0,1541.0,2114.0,1541.0,1575.0,2113.0,2114.0
95.72959,1346.0,1869.5,1896.0,1987.0,1544.0,2114.0,1544.0,1575.0,2113.0,2114.0
95.93546,1346.0,1870.3,1896.0,1988.0,1546.0,2115.0,1546.0,1575.0,2114.0,2115.0
96.141335,1346.0,1871.6,1896.0,1990.0,1546.0,2119.0,1546.0,1575.0,2114.0,2119.0
96.347206,1346.0,1872.2,1896.0,1991.0,1546.0,2119.0,1546.0,1575.0,2114.0,2119.0
96.55307,1346.0,1872.9,1896.0,1992.0,1546.0,2119.0,1546.0,1575.0,2115.0,2119.0
96.75894,1346.0,1873.4,1896.0,1993.0,1546.0,2119.0,1546.0,1576.0,2116.0,2119.0
96.96481,1346.0,1874.3,1897.0,1994.0,1547.0,2120.0,1547.0,1576.0,2116.0,2120.0
97.170685,1346.0,1875.0,1897.0,1994.0,1548.0,2121.0,1548.0,1578.0,2116.0,2121.0
97.37656,1346.0,1875.8,1898.0,1995.0,1548.0,2121.0,1548.0,1578.0,2118.0,2121.0
97.58242,1346.0,1876.7,1902.0,1995.0,1548.0,2121.0,1548.0,1580.0,2120.0,2121.0
97.78829,1347.0,1877.7,1904.0,2121.0,1548.0,2121.0,1548.0,1582.0,2121.0,2121.0
97.99416,1347.0,1878.1,1904.0,1996.0,1548.0,2122.0,1548.0,1582.0,2121.0,2122.0
98.200035,1347.0,1878.4,1904.0,1996.0,1549.0,2122.0,1549.0,1582.0,2121.0,2122.0
98.40591,1347.0,1879.1,1904.0,1996.0,1549.0,2124.0,1549.0,1582.0,2121.0,2124.0
98.61177,1347.0,1879.4,1904.0,1996.0,1549.0,2124.0,1549.0,1583.0,2121.0,2124.0
98.81764,1347.0,1879.7,1904.0,1996.0,1549.0,2124.0,1549.0,1583.0,2123.0,2124.0
99.02351,1348.0,1880.0,1905.0,1996.0,1549.0,2125.0,1549.0,1583.0,2123.0,2125.0
99.229385,1348.0,1880.7,1906.0,1997.0,1549.0,2127.0,1549.0,1583.0,2125.0,2127.0
99.43526,1348.0,1880.9,1907.0,1998.0,1549.0,2127.0,1549.0,1583.0,2125.0,2127.0
99.64112,1349.0,1882.0,1908.0,2000.0,1550.0,2128.0,1550.0,1585.0,2125.0,2128.0
99.84699,1349.0,1883.1,1910.0,2000.0,1554.0,2129.0,1554.0,1586.0,2125.0,2129.0
100.052864,1349.0,1884.0,1913.0,2000.0,1554.0,2133.0,1554.0,1587.0,2125.0,2133.0
100.258736,1350.0,1884.6,1913.0,2000.0,1555.0,2135.0,1555.0,1587.0,2126.0,2135.0
100.46461,1350.0,1887.2,1914.0,2002.0,1556.0,2140.0,1556.0,1587.0,2135.0,2140.0
100.67047,1350.0,1891.1,1914.0,2003.0,1556.0,2176.0,1556.0,1587.0,2136.0,2176.0
100.87634,1350.0,1892.7,1919.0,2005.0,1556.0,2184.0,1556.0,1587.0,2136.0,2184.0
101.082214,1350.0,1894.1,1923.0,2005.0,1556.0,2192.0,1556.0,1587.0,2136.0,2192.0
101.288086,1350.0,1895.1,1924.0,2005.0,1556.0,2195.0,1556.0,1587.0,2139.0,2195.0
101.49396,1350.0,1895.8,1924.0,2005.0,1557.0,2200.0,1557.0,1587.0,2139.0,2200.0
101.69982,1350.0,1897.6,1925.0,2007.0,1559.0,2210.0,1559.0,1588.0,2140.0,2210.0
101.90569,1350.0,1898.8,1926.0,2007.0,1561.0,2216.0,1561.0,1588.0,2141.0,2216.0
102.111565,1350.0,1900.1,1929.0,2007.0,1561.0,2219.0,1561.0,1590.0,2145.0,2219.0
102.31744,1350.0,1901.6,1931.0,2007.0,1564.0,2225.0,1564.0,1591.0,2146.0,2225.0
102.52331,1350.0,1903.0,1931.0,2010.0,1565.0,2227.0,1565.0,1594.0,2146.0,2227.0
102.72917,1350.0,1904.3,1931.0,2011.0,1566.0,2227.0,1566.0,1594.0,2147.0,2227.0
