{
  "origWeight": 0.0,
  "values": [
    {
      "level": {
        "name": "Fault Model",
        "shortName": "FM",
        "enumClass": "scratch.UCERF3.enumTreeBranches.FaultModels",
        "affects": [
          "fault_sections.geojson",
          "indices.csv",
          "properties.csv",
          "rates.csv"
        ]
      },
      "value": {
        "name": "Fault Model 3.1",
        "shortName": "FM3_1",
        "prefix": "FM3_1",
        "weight": 0.5,
        "enumClass": "scratch.UCERF3.enumTreeBranches.FaultModels",
        "enumName": "FM3_1"
      }
    },
    {
      "level": {
        "name": "Deformation Model",
        "shortName": "DM",
        "enumClass": "scratch.UCERF3.enumTreeBranches.DeformationModels",
        "affects": [
          "fault_sections.geojson",
          "properties.csv",
          "rates.csv"
        ],
        "doesNotAffect": [
          "indices.csv"
        ]
      },
      "value": {
        "name": "Mean UCERF3 DM",
        "shortName": "MeanU3DM",
        "prefix": "MeanU3DM",
        "weight": 0.0,
        "enumClass": "scratch.UCERF3.enumTreeBranches.DeformationModels",
        "enumName": "MEAN_UCERF3"
      }
    },
    {
      "level": {
        "name": "Scaling Relationship",
        "shortName": "Scale",
        "enumClass": "scratch.UCERF3.enumTreeBranches.ScalingRelationships",
        "affects": [
          "properties.csv",
          "rates.csv"
        ],
        "doesNotAffect": [
          "fault_sections.geojson",
          "indices.csv"
        ]
      },
      "value": {
        "name": "Mean UCERF3 Scaling Relationship",
        "shortName": "MeanU3Scale",
        "prefix": "MeanU3Scale",
        "weight": 0.0,
        "enumClass": "scratch.UCERF3.enumTreeBranches.ScalingRelationships",
        "enumName": "MEAN_UCERF3"
      }
    },
    {
      "level": {
        "name": "Slip Along Rupture Model (Dsr)",
        "shortName": "Dsr",
        "enumClass": "scratch.UCERF3.enumTreeBranches.SlipAlongRuptureModels",
        "affects": [
          "rates.csv"
        ],
        "doesNotAffect": [
          "fault_sections.geojson",
          "indices.csv",
          "properties.csv"
        ]
      },
      "value": {
        "name": "Mean UCERF3 Dsr",
        "shortName": "MeanU3Dsr",
        "prefix": "DsrMeanU3Dsr",
        "weight": 0.0,
        "enumClass": "scratch.UCERF3.enumTreeBranches.SlipAlongRuptureModels",
        "enumName": "MEAN_UCERF3"
      }
    },
    {
      "level": {
        "name": "Inversion Model",
        "shortName": "IM",
        "enumClass": "scratch.UCERF3.enumTreeBranches.InversionModels",
        "affects": [
          "rates.csv"
        ],
        "doesNotAffect": [
          "fault_sections.geojson",
          "indices.csv",
          "properties.csv"
        ]
      },
      "value": {
        "name": "Characteristic (Constrained)",
        "shortName": "CharConst",
        "prefix": "CharConst",
        "weight": 1.0,
        "enumClass": "scratch.UCERF3.enumTreeBranches.InversionModels",
        "enumName": "CHAR_CONSTRAINED"
      }
    },
    {
      "level": {
        "name": "Total Mag 5 Rate",
        "shortName": "M5Rate",
        "enumClass": "scratch.UCERF3.enumTreeBranches.TotalMag5Rate",
        "affects": [
          "rates.csv"
        ],
        "doesNotAffect": [
          "fault_sections.geojson",
          "indices.csv",
          "properties.csv"
        ]
      }
    },
    {
      "level": {
        "name": "MMax Off Fault",
        "shortName": "MMaxOFf",
        "enumClass": "scratch.UCERF3.enumTreeBranches.MaxMagOffFault",
        "affects": [
          "rates.csv"
        ],
        "doesNotAffect": [
          "fault_sections.geojson",
          "indices.csv",
          "properties.csv"
        ]
      }
    },
    {
      "level": {
        "name": "Moment Rate Fixes",
        "shortName": "MomRateFix",
        "enumClass": "scratch.UCERF3.enumTreeBranches.MomentRateFixes",
        "affects": [
          "rates.csv"
        ],
        "doesNotAffect": [
          "fault_sections.geojson",
          "indices.csv",
          "properties.csv"
        ]
      },
      "value": {
        "name": "No Moment Rate Fixes",
        "shortName": "NoFix",
        "prefix": "NoFix",
        "weight": 1.0,
        "enumClass": "scratch.UCERF3.enumTreeBranches.MomentRateFixes",
        "enumName": "NONE"
      }
    },
    {
      "level": {
        "name": "Spatial Seismicity PDF",
        "shortName": "SpatSeis",
        "enumClass": "scratch.UCERF3.enumTreeBranches.SpatialSeisPDF",
        "affects": [
          "rates.csv"
        ],
        "doesNotAffect": [
          "fault_sections.geojson",
          "indices.csv",
          "properties.csv"
        ]
      },
      "value": {
        "name": "UCERF3",
        "shortName": "U3",
        "prefix": "SpatSeisU3",
        "weight": 0.5,
        "enumClass": "scratch.UCERF3.enumTreeBranches.SpatialSeisPDF",
        "enumName": "UCERF3"
      }
    }
  ]
}