[
  {
    "name": "OpenSHA Build Information",
    "className": "org.opensha.sha.earthquake.faultSysSolution.modules.BuildInfoModule",
    "path": "ruptures/",
    "assets": [
      "build_info.json"
    ]
  },
  {
    "name": "Precomputed Average Slips",
    "className": "org.opensha.sha.earthquake.faultSysSolution.modules.AveSlipModule$Precomputed",
    "path": "ruptures/",
    "assets": [
      "average_slips.csv"
    ]
  },
  {
    "name": "Polygon Fault Grid Associations",
    "className": "org.opensha.sha.earthquake.faultSysSolution.modules.PolygonFaultGridAssociations$Precomputed",
    "path": "ruptures/",
    "assets": [
      "grid_node_association_fracts.csv",
      "grid_node_sect_associations.csv",
      "grid_region.geojson",
      "sect_polygons.geojson"
    ]
  },
  {
    "name": "Modified Section Minimum Magnitudes",
    "className": "org.opensha.sha.earthquake.faultSysSolution.modules.ModSectMinMags$Precomputed",
    "path": "ruptures/",
    "assets": [
      "mod_sect_min_mags.csv"
    ]
  },
  {
    "name": "Inversion Target MFDs",
    "className": "org.opensha.sha.earthquake.faultSysSolution.modules.InversionTargetMFDs$Precomputed",
    "path": "ruptures/",
    "assets": [
      "inversion_target_mfds.json",
      "sub_seismo_on_fault_mfds.csv"
    ]
  },
  {
    "name": "Section Slip Rates",
    "className": "org.opensha.sha.earthquake.faultSysSolution.modules.SectSlipRates$Precomputed",
    "path": "ruptures/",
    "assets": [
      "sect_slip_rates.csv"
    ]
  },
  {
    "name": "Mean UCERF3 Slip Along Rupture",
    "className": "org.opensha.sha.earthquake.faultSysSolution.modules.SlipAlongRuptureModel$AVG_UCERF3",
    "path": "ruptures/",
    "assets": []
  },
  {
    "name": "Logic Tree Branch",
    "className": "scratch.UCERF3.logicTree.U3LogicTreeBranch",
    "path": "ruptures/",
    "assets": [
      "logic_tree_branch.json"
    ]
  }
]
