{
  "thresholds": [
    0.0,
    1.0E-16,
    1.0E-14,
    1.0E-12,
    1.0E-10,
    1.0E-8
  ],
  "overallStats": [
    {
      "threshold": 0.0,
      "avg": 0.9988099612521861,
      "min": 0.9980242649055148,
      "max": 0.9994668132112564
    },
    {
      "threshold": 1.0E-16,
      "avg": 0.9696718393417708,
      "min": 0.8815147738535666,
      "max": 0.9993915782656055
    },
    {
      "threshold": 1.0E-14,
      "avg": 0.9685384085301166,
      "min": 0.8770301168758525,
      "max": 0.9993915782656055
    },
    {
      "threshold": 1.0E-12,
      "avg": 0.9675610266262652,
      "min": 0.8752637311953524,
      "max": 0.9993915782656055
    },
    {
      "threshold": 1.0E-10,
      "avg": 0.5997837177039459,
      "min": 0.43744214269125214,
      "max": 0.8236492873942213
    },
    {
      "threshold": 1.0E-8,
      "avg": 0.1511574005926478,
      "min": 0.12492926279566516,
      "max": 0.17637361019793332
    }
  ],
  "logicTreeStats": [
    {
      "level": "Deformation Model",
      "values": [
        {
          "value": "Average Block Model",
          "stats": [
            {
              "threshold": 0.0,
              "avg": 0.9989551428900613,
              "min": 0.9983513733648666,
              "max": 0.9994668132112564
            },
            {
              "threshold": 1.0E-16,
              "avg": 0.8824026552484006,
              "min": 0.8815147738535666,
              "max": 0.8832091956730093
            },
            {
              "threshold": 1.0E-14,
              "avg": 0.8778689320017838,
              "min": 0.8770301168758525,
              "max": 0.8787278097798887
            },
            {
              "threshold": 1.0E-12,
              "avg": 0.8765138670362265,
              "min": 0.8752637311953524,
              "max": 0.8774815265497581
            },
            {
              "threshold": 1.0E-10,
              "avg": 0.6320005480883965,
              "min": 0.5579194593551384,
              "max": 0.6801304508535895
            },
            {
              "threshold": 1.0E-8,
              "avg": 0.14768717963815262,
              "min": 0.1278470702530838,
              "max": 0.16512435028082262
            }
          ]
        },
        {
          "value": "Geologic",
          "stats": [
            {
              "threshold": 0.0,
              "avg": 0.998822482237102,
              "min": 0.998164921543036,
              "max": 0.9993915782656055
            },
            {
              "threshold": 1.0E-16,
              "avg": 0.998822482237102,
              "min": 0.998164921543036,
              "max": 0.9993915782656055
            },
            {
              "threshold": 1.0E-14,
              "avg": 0.998822482237102,
              "min": 0.998164921543036,
              "max": 0.9993915782656055
            },
            {
              "threshold": 1.0E-12,
              "avg": 0.998822482237102,
              "min": 0.998164921543036,
              "max": 0.9993915782656055
            },
            {
              "threshold": 1.0E-10,
              "avg": 0.45511196013929023,
              "min": 0.43744214269125214,
              "max": 0.4896748214805583
            },
            {
              "threshold": 1.0E-8,
              "avg": 0.1471395637318132,
              "min": 0.12492926279566516,
              "max": 0.16444396468537073
            }
          ]
        },
        {
          "value": "Neokinema",
          "stats": [
            {
              "threshold": 0.0,
              "avg": 0.9986556569228325,
              "min": 0.9980242649055148,
              "max": 0.9992967168123935
            },
            {
              "threshold": 1.0E-16,
              "avg": 0.9986556569228325,
              "min": 0.9980242649055148,
              "max": 0.9992967168123935
            },
            {
              "threshold": 1.0E-14,
              "avg": 0.9986556569228325,
              "min": 0.9980242649055148,
              "max": 0.9992967168123935
            },
            {
              "threshold": 1.0E-12,
              "avg": 0.9961011942729854,
              "min": 0.9953223490312683,
              "max": 0.9973994877481527
            },
            {
              "threshold": 1.0E-10,
              "avg": 0.7650612183481675,
              "min": 0.7068323143904824,
              "max": 0.8236492873942213
            },
            {
              "threshold": 1.0E-8,
              "avg": 0.1567833389850406,
              "min": 0.14037532424626034,
              "max": 0.17637361019793332
            }
          ]
        },
        {
          "value": "Zeng B-Fault Bounded",
          "stats": [
            {
              "threshold": 0.0,
              "avg": 0.9988065629587467,
              "min": 0.9982238010657194,
              "max": 0.9993915782656055
            },
            {
              "threshold": 1.0E-16,
              "avg": 0.9988065629587467,
              "min": 0.9982238010657194,
              "max": 0.9993915782656055
            },
            {
              "threshold": 1.0E-14,
              "avg": 0.9988065629587467,
              "min": 0.9982238010657194,
              "max": 0.9993915782656055
            },
            {
              "threshold": 1.0E-12,
              "avg": 0.9988065629587467,
              "min": 0.9982238010657194,
              "max": 0.9993915782656055
            },
            {
              "threshold": 1.0E-10,
              "avg": 0.5469611442399291,
              "min": 0.4935118037087557,
              "max": 0.6201485726622377
            },
            {
              "threshold": 1.0E-8,
              "avg": 0.15301952001558486,
              "min": 0.13123591389196915,
              "max": 0.16723747092823568
            }
          ]
        }
      ]
    },
    {
      "level": "Scaling Relationship",
      "values": [
        {
          "value": "Ellsworth B",
          "stats": [
            {
              "threshold": 0.0,
              "avg": 0.9992238897484573,
              "min": 0.9989172709995453,
              "max": 0.9994668132112564
            },
            {
              "threshold": 1.0E-16,
              "avg": 0.9700659868625975,
              "min": 0.8823914245246296,
              "max": 0.9993915782656055
            },
            {
              "threshold": 1.0E-14,
              "avg": 0.9689280128778966,
              "min": 0.8777824663323618,
              "max": 0.9993915782656055
            },
            {
              "threshold": 1.0E-12,
              "avg": 0.967985713356311,
              "min": 0.8762287011504405,
              "max": 0.9993915782656055
            },
            {
              "threshold": 1.0E-10,
              "avg": 0.604858342047139,
              "min": 0.4428557876935255,
              "max": 0.8104275634672188
            },
            {
              "threshold": 1.0E-8,
              "avg": 0.14937198810342883,
              "min": 0.13362053456064427,
              "max": 0.16237991030686044
            }
          ]
        },
        {
          "value": "EllB M(A) & Shaw12 Sqrt Length D(L)",
          "stats": [
            {
              "threshold": 0.0,
              "avg": 0.9992381098800927,
              "min": 0.9989826926914157,
              "max": 0.9994439156191018
            },
            {
              "threshold": 1.0E-16,
              "avg": 0.9701282737650653,
              "min": 0.8825615209234926,
              "max": 0.999388307181012
            },
            {
              "threshold": 1.0E-14,
              "avg": 0.9689954789976376,
              "min": 0.8780081711693146,
              "max": 0.999388307181012
            },
            {
              "threshold": 1.0E-12,
              "avg": 0.9680596762135085,
              "min": 0.876326833688246,
              "max": 0.999388307181012
            },
            {
              "threshold": 1.0E-10,
              "avg": 0.6053667685427789,
              "min": 0.4429931732464533,
              "max": 0.8111308466548254
            },
            {
              "threshold": 1.0E-8,
              "avg": 0.14975902101526467,
              "min": 0.1321518175781544,
              "max": 0.16362292245239754
            }
          ]
        },
        {
          "value": "Hanks & Bakun (2008)",
          "stats": [
            {
              "threshold": 0.0,
              "avg": 0.9985233778964092,
              "min": 0.9980242649055148,
              "max": 0.9989990481143833
            },
            {
              "threshold": 1.0E-16,
              "avg": 0.9694236730572755,
              "min": 0.8820381473885296,
              "max": 0.9987831565312111
            },
            {
              "threshold": 1.0E-14,
              "avg": 0.9682935133302146,
              "min": 0.8774062916041072,
              "max": 0.9987831565312111
            },
            {
              "threshold": 1.0E-12,
              "avg": 0.9674331726503888,
              "min": 0.8763595445341812,
              "max": 0.9987831565312111
            },
            {
              "threshold": 1.0E-10,
              "avg": 0.6271230247646545,
              "min": 0.4539382222963668,
              "max": 0.8236492873942213
            },
            {
              "threshold": 1.0E-8,
              "avg": 0.16126996769985685,
              "min": 0.14649879460532728,
              "max": 0.17637361019793332
            }
          ]
        },
        {
          "value": "Shaw09 M(A) & Shaw12 Const Stress Drop D(L)",
          "stats": [
            {
              "threshold": 0.0,
              "avg": 0.9985964775507283,
              "min": 0.9981616504584425,
              "max": 0.9989761505222287
            },
            {
              "threshold": 1.0E-16,
              "avg": 0.9694317599052987,
              "min": 0.8817077678445843,
              "max": 0.998946710760887
            },
            {
              "threshold": 1.0E-14,
              "avg": 0.968295648621547,
              "min": 0.8770955385677229,
              "max": 0.998946710760887
            },
            {
              "threshold": 1.0E-12,
              "avg": 0.9672185531556701,
              "min": 0.8753782191561256,
              "max": 0.998946710760887
            },
            {
              "threshold": 1.0E-10,
              "avg": 0.5806116092246041,
              "min": 0.4374584981142197,
              "max": 0.7673997167240743
            },
            {
              "threshold": 1.0E-8,
              "avg": 0.1463491424851738,
              "min": 0.12492926279566516,
              "max": 0.16079670536359741
            }
          ]
        },
        {
          "value": "Shaw (2009) Modified",
          "stats": [
            {
              "threshold": 0.0,
              "avg": 0.9984679511852413,
              "min": 0.9980406203284823,
              "max": 0.998845307138488
            },
            {
              "threshold": 1.0E-16,
              "avg": 0.9693095031186156,
              "min": 0.8815147738535666,
              "max": 0.9987635300236499
            },
            {
              "threshold": 1.0E-14,
              "avg": 0.9681793888232855,
              "min": 0.8770301168758525,
              "max": 0.9987635300236499
            },
            {
              "threshold": 1.0E-12,
              "avg": 0.9671080177554471,
              "min": 0.8752637311953524,
              "max": 0.9987635300236499
            },
            {
              "threshold": 1.0E-10,
              "avg": 0.5809588439405522,
              "min": 0.43744214269125214,
              "max": 0.7671511142949667
            },
            {
              "threshold": 1.0E-8,
              "avg": 0.149036883659515,
              "min": 0.12818072088162272,
              "max": 0.16055464510367704
            }
          ]
        }
      ]
    },
    {
      "level": "Slip Along Rupture Model (Dsr)",
      "values": [
        {
          "value": "Tapered Ends",
          "stats": [
            {
              "threshold": 0.0,
              "avg": 0.9989047136692446,
              "min": 0.9982924938421832,
              "max": 0.9994668132112564
            },
            {
              "threshold": 1.0E-16,
              "avg": 0.9698025282576277,
              "min": 0.8820643160652778,
              "max": 0.9993915782656055
            },
            {
              "threshold": 1.0E-14,
              "avg": 0.9686772933301496,
              "min": 0.8775240506494738,
              "max": 0.9993915782656055
            },
            {
              "threshold": 1.0E-12,
              "avg": 0.9677069806035591,
              "min": 0.8759539300445849,
              "max": 0.9993915782656055
            },
            {
              "threshold": 1.0E-10,
              "avg": 0.6002114937916632,
              "min": 0.4380701909332077,
              "max": 0.8236492873942213
            },
            {
              "threshold": 1.0E-8,
              "avg": 0.1525492107418057,
              "min": 0.12710126296576155,
              "max": 0.17637361019793332
            }
          ]
        },
        {
          "value": "Uniform",
          "stats": [
            {
              "threshold": 0.0,
              "avg": 0.9987152088351261,
              "min": 0.9980242649055148,
              "max": 0.9993784939272314
            },
            {
              "threshold": 1.0E-16,
              "avg": 0.9695411504259127,
              "min": 0.8815147738535666,
              "max": 0.9992901746432065
            },
            {
              "threshold": 1.0E-14,
              "avg": 0.9683995237300825,
              "min": 0.8770301168758525,
              "max": 0.9992901746432065
            },
            {
              "threshold": 1.0E-12,
              "avg": 0.9674150726489711,
              "min": 0.8752637311953524,
              "max": 0.9992901746432065
            },
            {
              "threshold": 1.0E-10,
              "avg": 0.5993559416162284,
              "min": 0.43744214269125214,
              "max": 0.8231095584362907
            },
            {
              "threshold": 1.0E-8,
              "avg": 0.14976559044349005,
              "min": 0.12492926279566516,
              "max": 0.17403151362897396
            }
          ]
        }
      ]
    },
    {
      "level": "Total Mag 5 Rate",
      "values": [
        {
          "value": "6.5",
          "stats": [
            {
              "threshold": 0.0,
              "avg": 0.9989151447945595,
              "min": 0.9982270721503129,
              "max": 0.9994668132112564
            },
            {
              "threshold": 1.0E-16,
              "avg": 0.9697457658535842,
              "min": 0.8815147738535666,
              "max": 0.9993915782656055
            },
            {
              "threshold": 1.0E-14,
              "avg": 0.9686327793206393,
              "min": 0.8771249783290646,
              "max": 0.9993915782656055
            },
            {
              "threshold": 1.0E-12,
              "avg": 0.9675551477603428,
              "min": 0.8752637311953524,
              "max": 0.9993915782656055
            },
            {
              "threshold": 1.0E-10,
              "avg": 0.5762722338345725,
              "min": 0.43744214269125214,
              "max": 0.7751292896185589
            },
            {
              "threshold": 1.0E-8,
              "avg": 0.14389713747387226,
              "min": 0.12492926279566516,
              "max": 0.16803234448446072
            }
          ]
        },
        {
          "value": "7.9",
          "stats": [
            {
              "threshold": 0.0,
              "avg": 0.9988035462918438,
              "min": 0.9981420239508814,
              "max": 0.9993948493501991
            },
            {
              "threshold": 1.0E-16,
              "avg": 0.9696794991315268,
              "min": 0.881756834113487,
              "max": 0.9993719517580444
            },
            {
              "threshold": 1.0E-14,
              "avg": 0.9685387356385756,
              "min": 0.8771478759212192,
              "max": 0.9993719517580444
            },
            {
              "threshold": 1.0E-12,
              "avg": 0.9675426631208113,
              "min": 0.8756857011079163,
              "max": 0.9993719517580444
            },
            {
              "threshold": 1.0E-10,
              "avg": 0.5986315145012633,
              "min": 0.44590770961927845,
              "max": 0.7945039236659699
            },
            {
              "threshold": 1.0E-8,
              "avg": 0.1526978542775428,
              "min": 0.13367287191414057,
              "max": 0.17413291725137303
            }
          ]
        },
        {
          "value": "9.6",
          "stats": [
            {
              "threshold": 0.0,
              "avg": 0.9987111926701535,
              "min": 0.9980242649055148,
              "max": 0.9993555963350769
            },
            {
              "threshold": 1.0E-16,
              "avg": 0.9695902530402005,
              "min": 0.8816292618143398,
              "max": 0.999299987896987
            },
            {
              "threshold": 1.0E-14,
              "avg": 0.9684437106311339,
              "min": 0.8770301168758525,
              "max": 0.999299987896987
            },
            {
              "threshold": 1.0E-12,
              "avg": 0.9675852689976417,
              "min": 0.875708598700071,
              "max": 0.999299987896987
            },
            {
              "threshold": 1.0E-10,
              "avg": 0.6244474047760011,
              "min": 0.4533723246616881,
              "max": 0.8236492873942213
            },
            {
              "threshold": 1.0E-8,
              "avg": 0.15687721002652846,
              "min": 0.1456613969493865,
              "max": 0.17637361019793332
            }
          ]
        }
      ]
    },
    {
      "level": "MMax Off Fault",
      "values": [
        {
          "value": "7.3",
          "stats": [
            {
              "threshold": 0.0,
              "avg": 0.9987913887607708,
              "min": 0.9980242649055148,
              "max": 0.9994341023653213
            },
            {
              "threshold": 1.0E-16,
              "avg": 0.9696570649430227,
              "min": 0.8815147738535666,
              "max": 0.9993686806734509
            },
            {
              "threshold": 1.0E-14,
              "avg": 0.9685239067217513,
              "min": 0.8770301168758525,
              "max": 0.9993686806734509
            },
            {
              "threshold": 1.0E-12,
              "avg": 0.9675660513756548,
              "min": 0.8754665384401507,
              "max": 0.9993686806734509
            },
            {
              "threshold": 1.0E-10,
              "avg": 0.6033850818916032,
              "min": 0.443722625110808,
              "max": 0.8236492873942213
            },
            {
              "threshold": 1.0E-8,
              "avg": 0.15339966547708228,
              "min": 0.12812838352812642,
              "max": 0.17637361019793332
            }
          ]
        },
        {
          "value": "7.6",
          "stats": [
            {
              "threshold": 0.0,
              "avg": 0.9988098158706483,
              "min": 0.9980537046668564,
              "max": 0.9994668132112564
            },
            {
              "threshold": 1.0E-16,
              "avg": 0.9696676141908375,
              "min": 0.8816488883219009,
              "max": 0.9993686806734509
            },
            {
              "threshold": 1.0E-14,
              "avg": 0.9685352192226377,
              "min": 0.8770301168758525,
              "max": 0.9993686806734509
            },
            {
              "threshold": 1.0E-12,
              "avg": 0.9675724845086887,
              "min": 0.875626821585233,
              "max": 0.9993686806734509
            },
            {
              "threshold": 1.0E-10,
              "avg": 0.6015169382212057,
              "min": 0.4374781246217808,
              "max": 0.822808618653687
            },
            {
              "threshold": 1.0E-8,
              "avg": 0.15110660791798736,
              "min": 0.12698023283580137,
              "max": 0.17567359809492034
            }
          ]
        },
        {
          "value": "7.9",
          "stats": [
            {
              "threshold": 0.0,
              "avg": 0.9988286791251376,
              "min": 0.9980896865973851,
              "max": 0.9994439156191018
            },
            {
              "threshold": 1.0E-16,
              "avg": 0.9696908388914516,
              "min": 0.8816325328989333,
              "max": 0.9993915782656055
            },
            {
              "threshold": 1.0E-14,
              "avg": 0.9685560996459598,
              "min": 0.8771478759212192,
              "max": 0.9993915782656055
            },
            {
              "threshold": 1.0E-12,
              "avg": 0.9675445439944524,
              "min": 0.8752637311953524,
              "max": 0.9993915782656055
            },
            {
              "threshold": 1.0E-10,
              "avg": 0.5944491329990282,
              "min": 0.43744214269125214,
              "max": 0.8215885041003045
            },
            {
              "threshold": 1.0E-8,
              "avg": 0.1489659283828739,
              "min": 0.12492926279566516,
              "max": 0.17394319434494895
            }
          ]
        }
      ]
    }
  ]
}