[
  {
    "name": "OpenSHA Build Information",
    "className": "org.opensha.sha.earthquake.faultSysSolution.modules.BuildInfoModule",
    "path": "solution/",
    "assets": [
      "build_info.json"
    ]
  },
  {
    "name": "Sub-Seismogenic On-Fault MFDs",
    "className": "org.opensha.sha.earthquake.faultSysSolution.modules.SubSeismoOnFaultMFDs",
    "path": "solution/",
    "assets": [
      "sub_seismo_on_fault_mfds.csv"
    ]
  },
  {
    "name": "Precomputed UCERF3 Grid Source Provider",
    "className": "scratch.UCERF3.griddedSeismicity.AbstractGridSourceProvider$Precomputed",
    "path": "solution/",
    "assets": [
      "grid_mech_weights.csv",
      "grid_region.geojson",
      "grid_sub_seis_mfds.csv",
      "grid_unassociated_mfds.csv"
    ]
  },
  {
    "name": "Solution Slip Rates",
    "className": "org.opensha.sha.earthquake.faultSysSolution.modules.SolutionSlipRates",
    "path": "solution/",
    "assets": [
      "sol_slip_rates.csv"
    ]
  },
  {
    "name": "Logic Tree Branch",
    "className": "scratch.UCERF3.logicTree.U3LogicTreeBranch",
    "path": "solution/",
    "assets": [
      "logic_tree_branch.json"
    ]
  },
  {
    "name": "Logic Tree Rupture Rate Statistics",
    "className": "org.opensha.sha.earthquake.faultSysSolution.modules.LogicTreeRateStatistics",
    "path": "solution/",
    "assets": [
      "logic_tree_rate_stats.json"
    ]
  },
  {
    "name": "Info",
    "className": "org.opensha.sha.earthquake.faultSysSolution.modules.InfoModule",
    "path": "solution/",
    "assets": [
      "info.txt"
    ]
  }
]
