<?xml version="1.0" encoding="UTF-8"?>

<OpenSHA>
  <evenlyGriddedGeographicRegion spacing="0.1" numPoints="7636">
    <anchor>
      <Location Latitude="31.5" Longitude="-125.4" Depth="0.0"/>
    </anchor>
    <Region name="Unnamed Region">
      <LocationList>
        <Location Latitude="43.0" Longitude="-125.2" Depth="0.0"/>
        <Location Latitude="43.0" Longitude="-119.0" Depth="0.0"/>
        <Location Latitude="39.4" Longitude="-119.0" Depth="0.0"/>
        <Location Latitude="35.7" Longitude="-114.00000000000001" Depth="0.0"/>
        <Location Latitude="34.3" Longitude="-113.1" Depth="0.0"/>
        <Location Latitude="32.9" Longitude="-113.5" Depth="0.0"/>
        <Location Latitude="32.2" Longitude="-113.6" Depth="0.0"/>
        <Location Latitude="31.7" Longitude="-114.5" Depth="0.0"/>
        <Location Latitude="31.5" Longitude="-117.1" Depth="0.0"/>
        <Location Latitude="31.900000000000002" Longitude="-117.90000000000002" Depth="0.0"/>
        <Location Latitude="32.8" Longitude="-118.40000000000002" Depth="0.0"/>
        <Location Latitude="33.7" Longitude="-121.0" Depth="0.0"/>
        <Location Latitude="34.2" Longitude="-121.6" Depth="0.0"/>
        <Location Latitude="37.7" Longitude="-123.80000000000001" Depth="0.0"/>
        <Location Latitude="40.2" Longitude="-125.4" Depth="0.0"/>
        <Location Latitude="40.5" Longitude="-125.4" Depth="0.0"/>
      </LocationList>
    </Region>
  </evenlyGriddedGeographicRegion>
</OpenSHA>
