<?xml version="1.0" encoding="UTF-8"?>

<OpenSHA>
  <InversionFaultSystemRupSet>
    <LogicTreeBranch>
      <Nodes>
        <Node className="FaultModels" enumName="FM3_1" longName="Fault Model 3.1" shortName="FM3_1"/>
        <Node className="DeformationModels" enumName="GEOLOGIC" longName="Geologic" shortName="GEOL"/>
        <Node className="ScalingRelationships" enumName="AVE_UCERF2" longName="Average UCERF2" shortName="AveU2"/>
        <Node className="SlipAlongRuptureModels" enumName="TAPERED" longName="Tapered Ends" shortName="Tap"/>
        <Node className="InversionModels" enumName="CHAR_CONSTRAINED" longName="Characteristic (Constrained)" shortName="CharConst"/>
        <Node className="TotalMag5Rate" enumName="RATE_7p9" longName="7.9" shortName="7.9"/>
        <Node className="MaxMagOffFault" enumName="MAG_7p6" longName="7.6" shortName="7.6"/>
        <Node className="MomentRateFixes" enumName="NONE" longName="No Moment Rate Fixes" shortName="NoFix"/>
        <Node className="SpatialSeisPDF" enumName="UCERF2" longName="UCERF2" shortName="U2"/>
      </Nodes>
    </LogicTreeBranch>
    <LaughTestFilter maxJumpDist="5.0" maxAzimuthChange="60.0" maxTotAzimuthChange="60.0" maxCmlJumpDist="Infinity" maxCmlRakeChange="180.0" maxCmlAzimuthChange="560.0" minNumSectInRup="2" allowSingleSectDuringJumps="true">
      <CoulombRatesTester minAverageProb="0.04" minIndividualProb="0.04" minimumStressExclusionCeiling="1.25" testType="COULOMB_STRESS" applyBranchesOnly="true" allowAnyWay="true"/>
    </LaughTestFilter>
  </InversionFaultSystemRupSet>
</OpenSHA>
