{
  "thresholds": [
    0.0,
    1.0E-16,
    1.0E-14,
    1.0E-12,
    1.0E-10,
    1.0E-8
  ],
  "overallStats": [
    {
      "threshold": 0.0,
      "avg": 0.9988162917357541,
      "min": 0.9978636689711714,
      "max": 0.9995112452996776
    },
    {
      "threshold": 1.0E-16,
      "avg": 0.975022806362921,
      "min": 0.9026944573640355,
      "max": 0.9995112452996776
    },
    {
      "threshold": 1.0E-14,
      "avg": 0.9737053474844466,
      "min": 0.8975152341686834,
      "max": 0.9995112452996776
    },
    {
      "threshold": 1.0E-12,
      "avg": 0.9730691452135765,
      "min": 0.8931282665762733,
      "max": 0.9995112452996776
    },
    {
      "threshold": 1.0E-10,
      "avg": 0.6643570488851048,
      "min": 0.5033345683586513,
      "max": 0.886735039770443
    },
    {
      "threshold": 1.0E-8,
      "avg": 0.17891478938438815,
      "min": 0.1451404381449394,
      "max": 0.21495747045793162
    }
  ],
  "logicTreeStats": [
    {
      "level": "Deformation Model",
      "values": [
        {
          "value": "Average Block Model",
          "stats": [
            {
              "threshold": 0.0,
              "avg": 0.9989115135016294,
              "min": 0.9982578259875604,
              "max": 0.9995033621593498
            },
            {
              "threshold": 1.0E-16,
              "avg": 0.9037375720102967,
              "min": 0.9026944573640355,
              "max": 0.9046061188935224
            },
            {
              "threshold": 1.0E-14,
              "avg": 0.8984677364963995,
              "min": 0.8975152341686834,
              "max": 0.8994111294175148
            },
            {
              "threshold": 1.0E-12,
              "avg": 0.8959231025938157,
              "min": 0.8931282665762733,
              "max": 0.8981222359739226
            },
            {
              "threshold": 1.0E-10,
              "avg": 0.6790016791088896,
              "min": 0.6167414251141085,
              "max": 0.7187650272362498
            },
            {
              "threshold": 1.0E-8,
              "avg": 0.1755631408883599,
              "min": 0.14991762118357468,
              "max": 0.19695631951944376
            }
          ]
        },
        {
          "value": "Geologic",
          "stats": [
            {
              "threshold": 0.0,
              "avg": 0.9988829590155536,
              "min": 0.9982223518560854,
              "max": 0.9995112452996776
            },
            {
              "threshold": 1.0E-16,
              "avg": 0.9988829590155536,
              "min": 0.9982223518560854,
              "max": 0.9995112452996776
            },
            {
              "threshold": 1.0E-14,
              "avg": 0.9988829590155536,
              "min": 0.9982223518560854,
              "max": 0.9995112452996776
            },
            {
              "threshold": 1.0E-12,
              "avg": 0.9988829152203295,
              "min": 0.9982223518560854,
              "max": 0.9995112452996776
            },
            {
              "threshold": 1.0E-10,
              "avg": 0.5242925976436417,
              "min": 0.5033345683586513,
              "max": 0.562627608334056
            },
            {
              "threshold": 1.0E-8,
              "avg": 0.17311507545479157,
              "min": 0.1451404381449394,
              "max": 0.19332613339850063
            }
          ]
        },
        {
          "value": "Neokinema",
          "stats": [
            {
              "threshold": 0.0,
              "avg": 0.9986016622915236,
              "min": 0.9978636689711714,
              "max": 0.9993141667914831
            },
            {
              "threshold": 1.0E-16,
              "avg": 0.9986016622915236,
              "min": 0.9978636689711714,
              "max": 0.9993141667914831
            },
            {
              "threshold": 1.0E-14,
              "avg": 0.9986016622915236,
              "min": 0.9978636689711714,
              "max": 0.9993141667914831
            },
            {
              "threshold": 1.0E-12,
              "avg": 0.9986016184962995,
              "min": 0.9978636689711714,
              "max": 0.9993141667914831
            },
            {
              "threshold": 1.0E-10,
              "avg": 0.8434832268671436,
              "min": 0.794234271164261,
              "max": 0.886735039770443
            },
            {
              "threshold": 1.0E-8,
              "avg": 0.18714995572302845,
              "min": 0.16663776181879814,
              "max": 0.21495747045793162
            }
          ]
        },
        {
          "value": "Zeng B-Fault Bounded",
          "stats": [
            {
              "threshold": 0.0,
              "avg": 0.9988690321343074,
              "min": 0.9982262934262492,
              "max": 0.9995073037295137
            },
            {
              "threshold": 1.0E-16,
              "avg": 0.9988690321343074,
              "min": 0.9982262934262492,
              "max": 0.9995073037295137
            },
            {
              "threshold": 1.0E-14,
              "avg": 0.9988690321343074,
              "min": 0.9982262934262492,
              "max": 0.9995073037295137
            },
            {
              "threshold": 1.0E-12,
              "avg": 0.9988689445438592,
              "min": 0.9982262934262492,
              "max": 0.9995073037295137
            },
            {
              "threshold": 1.0E-10,
              "avg": 0.6106506919207447,
              "min": 0.5560491277305227,
              "max": 0.700078043089245
            },
            {
              "threshold": 1.0E-8,
              "avg": 0.17983098547137238,
              "min": 0.1532245985510788,
              "max": 0.19671194216928256
            }
          ]
        }
      ]
    },
    {
      "level": "Scaling Relationship",
      "values": [
        {
          "value": "Ellsworth B",
          "stats": [
            {
              "threshold": 0.0,
              "avg": 0.9993059004429453,
              "min": 0.9989751917573885,
              "max": 0.9995112452996776
            },
            {
              "threshold": 1.0E-16,
              "avg": 0.9754940539224319,
              "min": 0.9038020385800888,
              "max": 0.9995112452996776
            },
            {
              "threshold": 1.0E-14,
              "avg": 0.9741723140608074,
              "min": 0.8984730357185088,
              "max": 0.9995112452996776
            },
            {
              "threshold": 1.0E-12,
              "avg": 0.9735960784004587,
              "min": 0.8951424089300214,
              "max": 0.9995112452996776
            },
            {
              "threshold": 1.0E-10,
              "avg": 0.6694328825052971,
              "min": 0.5116946386762631,
              "max": 0.8792460564590511
            },
            {
              "threshold": 1.0E-8,
              "avg": 0.17714888930932307,
              "min": 0.15909753809527563,
              "max": 0.1937557645463647
            }
          ]
        },
        {
          "value": "EllB M(A) & Shaw12 Sqrt Length D(L)",
          "stats": [
            {
              "threshold": 0.0,
              "avg": 0.9993129624228216,
              "min": 0.9990185490291913,
              "max": 0.9995073037295137
            },
            {
              "threshold": 1.0E-16,
              "avg": 0.975535057200942,
              "min": 0.903758681308286,
              "max": 0.9995073037295137
            },
            {
              "threshold": 1.0E-14,
              "avg": 0.9742141932437982,
              "min": 0.8984572694378533,
              "max": 0.9995073037295137
            },
            {
              "threshold": 1.0E-12,
              "avg": 0.9736438699386952,
              "min": 0.8952843054559214,
              "max": 0.9995073037295137
            },
            {
              "threshold": 1.0E-10,
              "avg": 0.6699885344103457,
              "min": 0.5118680677634743,
              "max": 0.8800264873515014
            },
            {
              "threshold": 1.0E-8,
              "avg": 0.17701011319313606,
              "min": 0.15604282121826052,
              "max": 0.1954861138483126
            }
          ]
        },
        {
          "value": "Hanks & Bakun (2008)",
          "stats": [
            {
              "threshold": 0.0,
              "avg": 0.9984763641555365,
              "min": 0.9978991431026464,
              "max": 0.9989042434944384
            },
            {
              "threshold": 1.0E-16,
              "avg": 0.9747314695837793,
              "min": 0.903218686195833,
              "max": 0.9988963603541107
            },
            {
              "threshold": 1.0E-14,
              "avg": 0.9734157515654606,
              "min": 0.8978266182116308,
              "max": 0.9988963603541107
            },
            {
              "threshold": 1.0E-12,
              "avg": 0.9731291665681278,
              "min": 0.8958085342877189,
              "max": 0.9988963603541107
            },
            {
              "threshold": 1.0E-10,
              "avg": 0.6891983240443663,
              "min": 0.5227270935649926,
              "max": 0.886735039770443
            },
            {
              "threshold": 1.0E-8,
              "avg": 0.19107938366105304,
              "min": 0.1739927317446178,
              "max": 0.21495747045793162
            }
          ]
        },
        {
          "value": "Shaw09 M(A) & Shaw12 Const Stress Drop D(L)",
          "stats": [
            {
              "threshold": 0.0,
              "avg": 0.9985689910543873,
              "min": 0.998021331777727,
              "max": 0.9990146074590274
            },
            {
              "threshold": 1.0E-16,
              "avg": 0.9747351921778223,
              "min": 0.9029230684335412,
              "max": 0.9990146074590274
            },
            {
              "threshold": 1.0E-14,
              "avg": 0.9734182697908424,
              "min": 0.8976571306945835,
              "max": 0.9990146074590274
            },
            {
              "threshold": 1.0E-12,
              "avg": 0.9725431864704288,
              "min": 0.8931282665762733,
              "max": 0.9990146074590274
            },
            {
              "threshold": 1.0E-10,
              "avg": 0.6463951713137779,
              "min": 0.5033700424901264,
              "max": 0.8457742426272931
            },
            {
              "threshold": 1.0E-8,
              "avg": 0.17271314478613478,
              "min": 0.1451404381449394,
              "max": 0.19471750766635396
            }
          ]
        },
        {
          "value": "Shaw (2009) Modified",
          "stats": [
            {
              "threshold": 0.0,
              "avg": 0.9984172406030775,
              "min": 0.9978636689711714,
              "max": 0.9988017626701773
            },
            {
              "threshold": 1.0E-16,
              "avg": 0.974618258929627,
              "min": 0.9026944573640355,
              "max": 0.9988017626701773
            },
            {
              "threshold": 1.0E-14,
              "avg": 0.973306208761322,
              "min": 0.8975152341686834,
              "max": 0.9988017626701773
            },
            {
              "threshold": 1.0E-12,
              "avg": 0.9724334246901704,
              "min": 0.893214981119879,
              "max": 0.9988017626701773
            },
            {
              "threshold": 1.0E-10,
              "avg": 0.6467703321517383,
              "min": 0.5033345683586513,
              "max": 0.8453327867689373
            },
            {
              "threshold": 1.0E-8,
              "avg": 0.17662241597229342,
              "min": 0.15039849274356934,
              "max": 0.19459926056143725
            }
          ]
        }
      ]
    },
    {
      "level": "Slip Along Rupture Model (Dsr)",
      "values": [
        {
          "value": "Tapered Ends",
          "stats": [
            {
              "threshold": 0.0,
              "avg": 0.9989090171738592,
              "min": 0.9981711114439548,
              "max": 0.9995112452996776
            },
            {
              "threshold": 1.0E-16,
              "avg": 0.9751586263014845,
              "min": 0.9033684658620608,
              "max": 0.9995112452996776
            },
            {
              "threshold": 1.0E-14,
              "avg": 0.9738523680515591,
              "min": 0.8980670539916281,
              "max": 0.9995112452996776
            },
            {
              "threshold": 1.0E-12,
              "avg": 0.9732141621491891,
              "min": 0.8937628593726596,
              "max": 0.9995112452996776
            },
            {
              "threshold": 1.0E-10,
              "avg": 0.6647633043321363,
              "min": 0.5043160193294601,
              "max": 0.886735039770443
            },
            {
              "threshold": 1.0E-8,
              "avg": 0.1804825051218515,
              "min": 0.14853413005604912,
              "max": 0.21495747045793162
            }
          ]
        },
        {
          "value": "Uniform",
          "stats": [
            {
              "threshold": 0.0,
              "avg": 0.9987235662976484,
              "min": 0.9978636689711714,
              "max": 0.9994087644754164
            },
            {
              "threshold": 1.0E-16,
              "avg": 0.9748869864243568,
              "min": 0.9026944573640355,
              "max": 0.9994087644754164
            },
            {
              "threshold": 1.0E-14,
              "avg": 0.9735583269173331,
              "min": 0.8975152341686834,
              "max": 0.9994087644754164
            },
            {
              "threshold": 1.0E-12,
              "avg": 0.9729241282779632,
              "min": 0.8931282665762733,
              "max": 0.9994087644754164
            },
            {
              "threshold": 1.0E-10,
              "avg": 0.6639507934380738,
              "min": 0.5033345683586513,
              "max": 0.8864709545694623
            },
            {
              "threshold": 1.0E-8,
              "avg": 0.17734707364692467,
              "min": 0.1451404381449394,
              "max": 0.21085429591732163
            }
          ]
        }
      ]
    },
    {
      "level": "Total Mag 5 Rate",
      "values": [
        {
          "value": "6.5",
          "stats": [
            {
              "threshold": 0.0,
              "avg": 0.998933279727979,
              "min": 0.9981750530141187,
              "max": 0.9995112452996776
            },
            {
              "threshold": 1.0E-16,
              "avg": 0.9750996888787282,
              "min": 0.9026944573640355,
              "max": 0.9995112452996776
            },
            {
              "threshold": 1.0E-14,
              "avg": 0.9738119779061852,
              "min": 0.897605890282453,
              "max": 0.9995112452996776
            },
            {
              "threshold": 1.0E-12,
              "avg": 0.9729597447439159,
              "min": 0.8931282665762733,
              "max": 0.9995112452996776
            },
            {
              "threshold": 1.0E-10,
              "avg": 0.6407111972125218,
              "min": 0.5033345683586513,
              "max": 0.8405083048883353
            },
            {
              "threshold": 1.0E-8,
              "avg": 0.17018734282988973,
              "min": 0.1451404381449394,
              "max": 0.19952228169613648
            }
          ]
        },
        {
          "value": "7.9",
          "stats": [
            {
              "threshold": 0.0,
              "avg": 0.9988068867113902,
              "min": 0.9980252733478908,
              "max": 0.9994639464577109
            },
            {
              "threshold": 1.0E-16,
              "avg": 0.975028642076524,
              "min": 0.9031516795030469,
              "max": 0.9994639464577109
            },
            {
              "threshold": 1.0E-14,
              "avg": 0.9736983949926289,
              "min": 0.8977517283785169,
              "max": 0.9994639464577109
            },
            {
              "threshold": 1.0E-12,
              "avg": 0.9730786816236112,
              "min": 0.8938535154864292,
              "max": 0.9994639464577109
            },
            {
              "threshold": 1.0E-10,
              "avg": 0.6656201140953174,
              "min": 0.5134644036798499,
              "max": 0.8738697547555044
            },
            {
              "threshold": 1.0E-8,
              "avg": 0.18056809193843792,
              "min": 0.1559600482448188,
              "max": 0.2075827926812925
            }
          ]
        },
        {
          "value": "9.6",
          "stats": [
            {
              "threshold": 0.0,
              "avg": 0.9987087087678914,
              "min": 0.9978636689711714,
              "max": 0.9994087644754164
            },
            {
              "threshold": 1.0E-16,
              "avg": 0.9749400881335089,
              "min": 0.9029309515738689,
              "max": 0.9994087644754164
            },
            {
              "threshold": 1.0E-14,
              "avg": 0.9736056695545235,
              "min": 0.8975152341686834,
              "max": 0.9994087644754164
            },
            {
              "threshold": 1.0E-12,
              "avg": 0.9731690092732006,
              "min": 0.8946300048087156,
              "max": 0.9994087644754164
            },
            {
              "threshold": 1.0E-10,
              "avg": 0.6867398353474754,
              "min": 0.5213909012794337,
              "max": 0.886735039770443
            },
            {
              "threshold": 1.0E-8,
              "avg": 0.18598893338483657,
              "min": 0.17027583108006905,
              "max": 0.21495747045793162
            }
          ]
        }
      ]
    },
    {
      "level": "MMax Off Fault",
      "values": [
        {
          "value": "7.3",
          "stats": [
            {
              "threshold": 0.0,
              "avg": 0.9987915145877512,
              "min": 0.9978636689711714,
              "max": 0.9994915374488581
            },
            {
              "threshold": 1.0E-16,
              "avg": 0.9750004270034344,
              "min": 0.9029230684335412,
              "max": 0.9994797127383664
            },
            {
              "threshold": 1.0E-14,
              "avg": 0.9736821688621211,
              "min": 0.8975152341686834,
              "max": 0.9994797127383664
            },
            {
              "threshold": 1.0E-12,
              "avg": 0.9730782217737589,
              "min": 0.8937195021008569,
              "max": 0.9994797127383664
            },
            {
              "threshold": 1.0E-10,
              "avg": 0.667678040724303,
              "min": 0.50827729734417,
              "max": 0.886735039770443
            },
            {
              "threshold": 1.0E-8,
              "avg": 0.1815410028405583,
              "min": 0.15175439287994766,
              "max": 0.21495747045793162
            }
          ]
        },
        {
          "value": "7.6",
          "stats": [
            {
              "threshold": 0.0,
              "avg": 0.9988157223978408,
              "min": 0.997946441944613,
              "max": 0.9995073037295137
            },
            {
              "threshold": 1.0E-16,
              "avg": 0.9750200691614174,
              "min": 0.9026944573640355,
              "max": 0.9995073037295137
            },
            {
              "threshold": 1.0E-14,
              "avg": 0.9737038803444401,
              "min": 0.897605890282453,
              "max": 0.9995073037295137
            },
            {
              "threshold": 1.0E-12,
              "avg": 0.9730983237815944,
              "min": 0.8935027157418429,
              "max": 0.9995073037295137
            },
            {
              "threshold": 1.0E-10,
              "avg": 0.6665212227276189,
              "min": 0.5035237637265181,
              "max": 0.8866640915074929
            },
            {
              "threshold": 1.0E-8,
              "avg": 0.1790331788237829,
              "min": 0.14960229557046345,
              "max": 0.21066904211961876
            }
          ]
        },
        {
          "value": "7.9",
          "stats": [
            {
              "threshold": 0.0,
              "avg": 0.9988416382216687,
              "min": 0.9978912599623186,
              "max": 0.9995112452996776
            },
            {
              "threshold": 1.0E-16,
              "avg": 0.9750479229239094,
              "min": 0.9029703672755078,
              "max": 0.9995112452996776
            },
            {
              "threshold": 1.0E-14,
              "avg": 0.9737299932467764,
              "min": 0.8977517283785169,
              "max": 0.9995112452996776
            },
            {
              "threshold": 1.0E-12,
              "avg": 0.9730308900853745,
              "min": 0.8931282665762733,
              "max": 0.9995112452996776
            },
            {
              "threshold": 1.0E-10,
              "avg": 0.6588718832033928,
              "min": 0.5033345683586513,
              "max": 0.8850835218717729
            },
            {
              "threshold": 1.0E-8,
              "avg": 0.17617018648882304,
              "min": 0.1451404381449394,
              "max": 0.20869431546750963
            }
          ]
        }
      ]
    }
  ]
}